country,2000,2001,2002,2003,2004,2005,2006,2007,2008,2009,2010,2011,2012,2013,2014,2015,2016,2017,2018,2019,2020,2021,2022,2023,2024,2025,2026,2027,2028,2029,2030,2031,2032,2033,2034,2035,2036,2037,2038,2039,2040,2041,2042,2043,2044,2045,2046,2047,2048,2049,2050,2051,2052,2053,2054,2055,2056,2057,2058,2059,2060,2061,2062,2063,2064,2065,2066,2067,2068,2069,2070,2071,2072,2073,2074,2075,2076,2077,2078,2079,2080,2081,2082,2083,2084,2085,2086,2087,2088,2089,2090,2091,2092,2093,2094,2095,2096,2097,2098,2099,2100
Afghanistan,7.49,7.39,7.27,7.14,6.99,6.83,6.65,6.46,6.25,6.04,5.82,5.6,5.38,5.17,4.98,4.8,4.64,4.48,4.33,4.18,4.04,3.9,3.77,3.65,3.53,3.43,3.32,3.23,3.14,3.06,2.98,2.91,2.85,2.79,2.73,2.68,2.63,2.58,2.53,2.49,2.45,2.41,2.37,2.34,2.3,2.27,2.24,2.21,2.18,2.15,2.13,2.1,2.08,2.05,2.03,2.01,1.99,1.97,1.95,1.94,1.92,1.91,1.89,1.88,1.87,1.85,1.84,1.83,1.82,1.81,1.81,1.8,1.79,1.79,1.78,1.77,1.77,1.76,1.76,1.76,1.75,1.75,1.75,1.75,1.75,1.75,1.74,1.74,1.74,1.74,1.74,1.74,1.74,1.74,1.74,1.74,1.74,1.74,1.74,1.74,1.74
Albania,2.16,2.07,1.98,1.9,1.82,1.75,1.7,1.67,1.65,1.65,1.65,1.67,1.69,1.7,1.71,1.71,1.71,1.71,1.71,1.7,1.7,1.7,1.7,1.7,1.7,1.7,1.7,1.7,1.7,1.7,1.7,1.7,1.7,1.7,1.7,1.7,1.7,1.7,1.7,1.7,1.7,1.7,1.7,1.71,1.71,1.71,1.71,1.71,1.71,1.71,1.72,1.72,1.72,1.72,1.72,1.73,1.73,1.73,1.73,1.73,1.73,1.74,1.74,1.74,1.74,1.74,1.75,1.75,1.75,1.75,1.75,1.75,1.75,1.76,1.76,1.76,1.76,1.76,1.76,1.77,1.77,1.77,1.77,1.77,1.77,1.77,1.78,1.78,1.78,1.78,1.78,1.78,1.78,1.78,1.79,1.79,1.79,1.79,1.79,1.79,1.79
Algeria,2.51,2.44,2.4,2.41,2.44,2.5,2.58,2.66,2.75,2.83,2.89,2.93,2.94,2.92,2.89,2.84,2.78,2.71,2.64,2.59,2.54,2.49,2.46,2.42,2.39,2.36,2.33,2.3,2.28,2.25,2.23,2.21,2.19,2.17,2.15,2.13,2.11,2.1,2.08,2.07,2.06,2.04,2.03,2.02,2.01,2,1.99,1.98,1.97,1.97,1.96,1.95,1.95,1.94,1.93,1.93,1.92,1.92,1.91,1.91,1.91,1.9,1.9,1.9,1.89,1.89,1.89,1.89,1.88,1.88,1.88,1.88,1.88,1.87,1.87,1.87,1.87,1.87,1.87,1.86,1.86,1.86,1.86,1.86,1.86,1.86,1.86,1.86,1.86,1.86,1.86,1.86,1.86,1.86,1.86,1.86,1.86,1.86,1.86,1.86,1.86
Angola,6.64,6.6,6.57,6.54,6.5,6.47,6.42,6.37,6.31,6.24,6.16,6.08,6,5.92,5.84,5.77,5.69,5.62,5.55,5.48,5.41,5.34,5.28,5.21,5.14,5.07,5.01,4.94,4.88,4.81,4.75,4.69,4.63,4.57,4.51,4.45,4.39,4.34,4.28,4.23,4.17,4.12,4.07,4.02,3.97,3.92,3.87,3.82,3.77,3.73,3.69,3.64,3.6,3.56,3.52,3.48,3.44,3.4,3.37,3.33,3.3,3.26,3.23,3.2,3.17,3.14,3.11,3.08,3.05,3.02,2.99,2.97,2.94,2.91,2.89,2.86,2.84,2.82,2.79,2.77,2.75,2.73,2.71,2.69,2.67,2.65,2.63,2.61,2.59,2.57,2.55,2.54,2.52,2.5,2.48,2.47,2.45,2.43,2.42,2.4,2.4
Antigua and Barbuda,2.32,2.31,2.29,2.27,2.25,2.22,2.2,2.18,2.16,2.15,2.13,2.12,2.1,2.09,2.08,2.06,2.05,2.04,2.03,2.02,2.01,2,1.99,1.98,1.97,1.96,1.95,1.95,1.94,1.93,1.92,1.92,1.91,1.9,1.89,1.89,1.88,1.88,1.87,1.87,1.86,1.86,1.85,1.85,1.85,1.84,1.84,1.84,1.84,1.83,1.83,1.83,1.83,1.83,1.82,1.82,1.82,1.82,1.82,1.82,1.82,1.81,1.81,1.81,1.81,1.81,1.81,1.81,1.81,1.81,1.81,1.81,1.81,1.81,1.81,1.81,1.81,1.81,1.81,1.81,1.81,1.81,1.81,1.81,1.81,1.81,1.81,1.81,1.81,1.81,1.81,1.81,1.81,1.81,1.81,1.81,1.81,1.81,1.82,1.82,1.82
Argentina,2.56,2.54,2.52,2.5,2.47,2.45,2.43,2.41,2.4,2.38,2.37,2.36,2.35,2.34,2.32,2.31,2.29,2.28,2.26,2.25,2.23,2.22,2.2,2.19,2.18,2.16,2.15,2.14,2.12,2.11,2.1,2.09,2.07,2.06,2.05,2.04,2.03,2.02,2.01,2,1.99,1.98,1.97,1.96,1.96,1.95,1.94,1.94,1.93,1.92,1.92,1.91,1.9,1.9,1.89,1.89,1.88,1.88,1.88,1.87,1.87,1.87,1.86,1.86,1.86,1.85,1.85,1.85,1.85,1.85,1.84,1.84,1.84,1.84,1.84,1.84,1.84,1.83,1.83,1.83,1.83,1.83,1.83,1.83,1.83,1.83,1.83,1.82,1.82,1.82,1.82,1.82,1.82,1.82,1.82,1.82,1.82,1.82,1.82,1.82,1.82
Armenia,1.3,1.2,1.2,1.4,1.4,1.4,1.3,1.4,1.4,1.6,1.55,1.5,1.73,1.71,1.69,1.66,1.63,1.6,1.6,1.59,1.59,1.58,1.58,1.58,1.58,1.58,1.58,1.59,1.59,1.59,1.6,1.6,1.6,1.61,1.61,1.61,1.62,1.62,1.62,1.63,1.63,1.64,1.64,1.64,1.65,1.65,1.65,1.66,1.66,1.67,1.67,1.67,1.68,1.68,1.68,1.69,1.69,1.69,1.69,1.7,1.7,1.7,1.71,1.71,1.71,1.72,1.72,1.72,1.73,1.73,1.73,1.73,1.74,1.74,1.74,1.74,1.74,1.75,1.75,1.75,1.75,1.75,1.76,1.76,1.76,1.76,1.76,1.77,1.77,1.77,1.77,1.77,1.77,1.77,1.77,1.78,1.78,1.78,1.78,1.78,1.78
Australia,1.76,1.76,1.78,1.79,1.82,1.86,1.89,1.92,1.94,1.94,1.93,1.92,1.9,1.89,1.87,1.86,1.85,1.84,1.83,1.82,1.81,1.81,1.8,1.8,1.8,1.79,1.79,1.79,1.78,1.78,1.78,1.77,1.77,1.77,1.77,1.77,1.77,1.77,1.76,1.76,1.76,1.76,1.76,1.76,1.76,1.76,1.76,1.76,1.76,1.76,1.76,1.76,1.76,1.76,1.76,1.76,1.77,1.77,1.77,1.77,1.77,1.77,1.77,1.77,1.77,1.77,1.78,1.78,1.78,1.78,1.78,1.78,1.78,1.78,1.78,1.78,1.79,1.79,1.79,1.79,1.79,1.79,1.79,1.79,1.79,1.79,1.79,1.79,1.8,1.8,1.8,1.8,1.8,1.8,1.8,1.8,1.8,1.8,1.8,1.81,1.81
Austria,1.37,1.33,1.39,1.38,1.42,1.41,1.41,1.38,1.41,1.39,1.44,1.44,1.46,1.47,1.48,1.49,1.49,1.5,1.52,1.53,1.54,1.55,1.56,1.57,1.57,1.58,1.59,1.6,1.61,1.61,1.62,1.63,1.63,1.64,1.64,1.65,1.65,1.66,1.66,1.67,1.67,1.68,1.68,1.69,1.69,1.7,1.7,1.7,1.71,1.71,1.71,1.72,1.72,1.72,1.73,1.73,1.73,1.73,1.74,1.74,1.74,1.74,1.74,1.75,1.75,1.75,1.75,1.75,1.76,1.76,1.76,1.76,1.76,1.76,1.77,1.77,1.77,1.77,1.77,1.77,1.77,1.78,1.78,1.78,1.78,1.78,1.78,1.78,1.78,1.78,1.79,1.79,1.79,1.79,1.79,1.79,1.79,1.79,1.79,1.79,1.79
Azerbaijan,2.03,1.96,1.91,1.87,1.84,1.82,1.82,1.84,1.87,1.91,1.96,2.01,2.05,2.08,2.09,2.09,2.08,2.06,2.04,2.02,2.01,2,1.99,1.98,1.97,1.96,1.95,1.94,1.93,1.93,1.92,1.91,1.9,1.9,1.89,1.89,1.88,1.87,1.87,1.86,1.86,1.86,1.85,1.85,1.85,1.84,1.84,1.84,1.83,1.83,1.83,1.83,1.82,1.82,1.82,1.82,1.82,1.82,1.81,1.81,1.81,1.81,1.81,1.81,1.81,1.81,1.81,1.81,1.81,1.81,1.81,1.81,1.81,1.81,1.81,1.81,1.81,1.81,1.81,1.81,1.81,1.81,1.81,1.81,1.81,1.81,1.81,1.81,1.81,1.81,1.81,1.81,1.81,1.81,1.81,1.81,1.82,1.82,1.82,1.82,1.82
Bahamas,2.07,1.99,1.93,1.89,1.86,1.86,1.87,1.87,1.88,1.88,1.87,1.85,1.83,1.81,1.79,1.78,1.77,1.76,1.75,1.74,1.74,1.73,1.72,1.72,1.72,1.71,1.71,1.71,1.71,1.71,1.7,1.7,1.7,1.7,1.7,1.7,1.7,1.7,1.7,1.7,1.7,1.71,1.71,1.71,1.71,1.71,1.71,1.71,1.71,1.72,1.72,1.72,1.72,1.72,1.72,1.72,1.73,1.73,1.73,1.73,1.73,1.73,1.74,1.74,1.74,1.74,1.74,1.75,1.75,1.75,1.75,1.75,1.75,1.75,1.76,1.76,1.76,1.76,1.76,1.76,1.76,1.77,1.77,1.77,1.77,1.77,1.77,1.77,1.78,1.78,1.78,1.78,1.78,1.78,1.78,1.78,1.78,1.79,1.79,1.79,1.79
Bahrain,2.77,2.72,2.67,2.6,2.53,2.45,2.37,2.29,2.23,2.18,2.14,2.12,2.09,2.08,2.07,2.05,2.03,2.01,1.99,1.96,1.94,1.92,1.9,1.88,1.86,1.84,1.83,1.81,1.8,1.78,1.77,1.76,1.75,1.73,1.72,1.71,1.71,1.7,1.69,1.68,1.68,1.67,1.67,1.67,1.66,1.66,1.66,1.66,1.66,1.66,1.66,1.66,1.66,1.66,1.66,1.66,1.66,1.66,1.67,1.67,1.67,1.67,1.67,1.68,1.68,1.68,1.68,1.69,1.69,1.69,1.7,1.7,1.7,1.7,1.71,1.71,1.71,1.71,1.72,1.72,1.72,1.72,1.73,1.73,1.73,1.73,1.74,1.74,1.74,1.74,1.75,1.75,1.75,1.75,1.75,1.76,1.76,1.76,1.76,1.76,1.76
Bangladesh,3.12,3.01,2.91,2.8,2.7,2.61,2.52,2.44,2.38,2.32,2.28,2.24,2.21,2.18,2.16,2.13,2.1,2.08,2.05,2.02,2,1.97,1.95,1.93,1.9,1.88,1.86,1.85,1.83,1.81,1.79,1.78,1.76,1.75,1.74,1.73,1.72,1.71,1.7,1.69,1.68,1.68,1.67,1.67,1.67,1.66,1.66,1.66,1.66,1.66,1.66,1.66,1.66,1.66,1.66,1.66,1.66,1.66,1.66,1.67,1.67,1.67,1.67,1.68,1.68,1.68,1.69,1.69,1.69,1.69,1.7,1.7,1.7,1.71,1.71,1.71,1.71,1.72,1.72,1.72,1.72,1.73,1.73,1.73,1.73,1.74,1.74,1.74,1.74,1.74,1.75,1.75,1.75,1.75,1.75,1.76,1.76,1.76,1.76,1.76,1.76
Barbados,1.74,1.75,1.75,1.75,1.76,1.76,1.76,1.77,1.77,1.78,1.78,1.79,1.79,1.79,1.79,1.8,1.8,1.8,1.8,1.8,1.8,1.8,1.81,1.81,1.81,1.81,1.81,1.81,1.81,1.81,1.81,1.82,1.82,1.82,1.82,1.82,1.82,1.82,1.82,1.82,1.82,1.83,1.83,1.83,1.83,1.83,1.83,1.83,1.83,1.83,1.83,1.83,1.83,1.83,1.83,1.83,1.83,1.84,1.84,1.84,1.84,1.84,1.84,1.84,1.84,1.84,1.84,1.84,1.84,1.84,1.84,1.84,1.84,1.84,1.84,1.84,1.84,1.84,1.84,1.84,1.84,1.84,1.84,1.84,1.84,1.84,1.84,1.84,1.84,1.84,1.85,1.85,1.85,1.85,1.85,1.85,1.85,1.85,1.85,1.85,1.85
Belarus,1.24,1.24,1.24,1.26,1.29,1.32,1.36,1.4,1.45,1.5,1.54,1.58,1.62,1.65,1.67,1.69,1.7,1.71,1.72,1.72,1.73,1.74,1.75,1.76,1.76,1.77,1.78,1.78,1.79,1.8,1.8,1.81,1.81,1.81,1.82,1.82,1.83,1.83,1.83,1.83,1.84,1.84,1.84,1.85,1.85,1.85,1.85,1.85,1.86,1.86,1.86,1.86,1.86,1.86,1.86,1.87,1.87,1.87,1.87,1.87,1.87,1.87,1.87,1.87,1.87,1.88,1.88,1.88,1.88,1.88,1.88,1.88,1.88,1.88,1.88,1.88,1.88,1.88,1.88,1.88,1.88,1.88,1.88,1.88,1.89,1.89,1.89,1.89,1.89,1.89,1.89,1.89,1.89,1.89,1.89,1.89,1.89,1.89,1.89,1.89,1.89
Belgium,1.63,1.65,1.68,1.7,1.73,1.76,1.78,1.8,1.81,1.81,1.81,1.8,1.8,1.79,1.79,1.79,1.79,1.79,1.8,1.8,1.81,1.81,1.81,1.81,1.82,1.82,1.82,1.82,1.83,1.83,1.83,1.83,1.83,1.83,1.83,1.84,1.84,1.84,1.84,1.84,1.84,1.84,1.85,1.85,1.85,1.85,1.85,1.85,1.85,1.85,1.85,1.85,1.85,1.86,1.86,1.86,1.86,1.86,1.86,1.86,1.86,1.86,1.86,1.86,1.86,1.86,1.86,1.86,1.86,1.86,1.86,1.86,1.86,1.86,1.86,1.86,1.86,1.86,1.86,1.87,1.87,1.87,1.87,1.87,1.87,1.87,1.87,1.87,1.87,1.87,1.87,1.87,1.87,1.87,1.87,1.87,1.87,1.87,1.87,1.87,1.87
Belize,3.6,3.5,3.39,3.28,3.18,3.07,2.98,2.89,2.82,2.76,2.72,2.68,2.64,2.61,2.58,2.54,2.51,2.48,2.44,2.41,2.38,2.35,2.33,2.3,2.27,2.25,2.23,2.2,2.18,2.16,2.14,2.12,2.1,2.08,2.07,2.05,2.03,2.02,2,1.99,1.97,1.96,1.95,1.93,1.92,1.91,1.9,1.89,1.88,1.87,1.86,1.85,1.85,1.84,1.83,1.83,1.82,1.81,1.81,1.8,1.8,1.8,1.79,1.79,1.79,1.78,1.78,1.78,1.78,1.77,1.77,1.77,1.77,1.77,1.77,1.77,1.77,1.76,1.76,1.76,1.76,1.76,1.76,1.76,1.77,1.77,1.77,1.77,1.77,1.77,1.77,1.77,1.77,1.77,1.77,1.77,1.77,1.77,1.77,1.77,1.77
Benin,5.96,5.89,5.82,5.75,5.69,5.63,5.58,5.52,5.47,5.42,5.36,5.31,5.25,5.18,5.12,5.05,4.98,4.91,4.84,4.77,4.7,4.64,4.57,4.51,4.45,4.39,4.33,4.27,4.21,4.16,4.1,4.05,4,3.95,3.9,3.85,3.8,3.75,3.71,3.67,3.62,3.58,3.54,3.5,3.46,3.42,3.38,3.35,3.31,3.28,3.25,3.21,3.18,3.15,3.12,3.09,3.06,3.03,3.01,2.98,2.96,2.93,2.91,2.88,2.86,2.83,2.81,2.79,2.77,2.74,2.72,2.7,2.68,2.66,2.64,2.62,2.6,2.59,2.57,2.55,2.53,2.52,2.5,2.48,2.46,2.45,2.43,2.41,2.4,2.38,2.36,2.35,2.33,2.32,2.3,2.29,2.27,2.26,2.25,2.23,2.23
Bhutan,3.6,3.42,3.24,3.09,2.95,2.84,2.73,2.64,2.55,2.46,2.38,2.31,2.24,2.18,2.13,2.09,2.05,2.02,1.99,1.96,1.94,1.91,1.88,1.86,1.83,1.81,1.79,1.77,1.75,1.73,1.72,1.7,1.69,1.68,1.67,1.66,1.65,1.64,1.63,1.63,1.62,1.62,1.62,1.62,1.62,1.62,1.62,1.62,1.62,1.62,1.63,1.63,1.63,1.63,1.64,1.64,1.64,1.65,1.65,1.65,1.66,1.66,1.66,1.67,1.67,1.68,1.68,1.68,1.69,1.69,1.69,1.7,1.7,1.7,1.71,1.71,1.71,1.72,1.72,1.72,1.73,1.73,1.73,1.73,1.74,1.74,1.74,1.74,1.75,1.75,1.75,1.75,1.75,1.76,1.76,1.76,1.76,1.76,1.77,1.77,1.77
Bolivia,4.06,3.96,3.87,3.77,3.68,3.6,3.51,3.43,3.35,3.27,3.2,3.13,3.07,3.02,2.97,2.92,2.88,2.84,2.8,2.77,2.73,2.7,2.66,2.63,2.6,2.57,2.54,2.52,2.49,2.46,2.44,2.42,2.39,2.37,2.35,2.33,2.31,2.29,2.27,2.25,2.23,2.22,2.2,2.18,2.17,2.15,2.13,2.12,2.1,2.09,2.08,2.06,2.05,2.04,2.03,2.01,2,1.99,1.98,1.97,1.96,1.95,1.95,1.94,1.93,1.92,1.91,1.91,1.9,1.89,1.89,1.88,1.88,1.87,1.87,1.86,1.86,1.85,1.85,1.85,1.84,1.84,1.84,1.83,1.83,1.83,1.83,1.82,1.82,1.82,1.82,1.81,1.81,1.81,1.81,1.81,1.81,1.81,1.8,1.8,1.8
Bosnia and Herzegovina,1.5,1.43,1.37,1.33,1.3,1.29,1.29,1.29,1.3,1.3,1.31,1.31,1.31,1.32,1.33,1.35,1.36,1.38,1.39,1.41,1.42,1.43,1.44,1.45,1.47,1.48,1.49,1.5,1.51,1.52,1.53,1.54,1.54,1.55,1.56,1.57,1.58,1.59,1.59,1.6,1.61,1.61,1.62,1.63,1.63,1.64,1.64,1.65,1.65,1.66,1.66,1.67,1.67,1.68,1.68,1.69,1.69,1.69,1.7,1.7,1.71,1.71,1.71,1.71,1.72,1.72,1.72,1.73,1.73,1.73,1.73,1.74,1.74,1.74,1.74,1.75,1.75,1.75,1.75,1.75,1.76,1.76,1.76,1.76,1.76,1.76,1.77,1.77,1.77,1.77,1.77,1.77,1.78,1.78,1.78,1.78,1.78,1.78,1.78,1.78,1.78
Botswana,3.39,3.29,3.19,3.11,3.04,2.99,2.95,2.92,2.9,2.89,2.88,2.88,2.86,2.84,2.81,2.77,2.73,2.68,2.64,2.6,2.56,2.52,2.49,2.46,2.43,2.4,2.37,2.34,2.31,2.29,2.26,2.24,2.22,2.19,2.17,2.15,2.13,2.11,2.09,2.07,2.06,2.04,2.03,2.01,2,1.98,1.97,1.96,1.94,1.93,1.92,1.91,1.9,1.89,1.89,1.88,1.87,1.86,1.86,1.85,1.85,1.84,1.83,1.83,1.83,1.82,1.82,1.82,1.81,1.81,1.81,1.81,1.8,1.8,1.8,1.8,1.8,1.8,1.8,1.8,1.8,1.8,1.8,1.8,1.8,1.79,1.79,1.79,1.79,1.79,1.79,1.79,1.79,1.8,1.8,1.8,1.8,1.8,1.8,1.8,1.8
Brazil,2.3,2.23,2.16,2.1,2.03,1.98,1.93,1.88,1.85,1.82,1.81,1.79,1.78,1.77,1.75,1.74,1.73,1.71,1.7,1.69,1.67,1.66,1.65,1.65,1.64,1.63,1.63,1.62,1.62,1.61,1.61,1.61,1.61,1.61,1.61,1.61,1.61,1.61,1.61,1.61,1.61,1.62,1.62,1.62,1.62,1.63,1.63,1.63,1.64,1.64,1.64,1.65,1.65,1.65,1.66,1.66,1.66,1.67,1.67,1.67,1.68,1.68,1.68,1.69,1.69,1.69,1.69,1.7,1.7,1.7,1.71,1.71,1.71,1.72,1.72,1.72,1.72,1.73,1.73,1.73,1.73,1.74,1.74,1.74,1.74,1.74,1.75,1.75,1.75,1.75,1.75,1.76,1.76,1.76,1.76,1.76,1.77,1.77,1.77,1.77,1.77
Brunei,2.22,2.12,2.03,1.95,1.89,1.85,1.82,1.81,1.81,1.82,1.84,1.86,1.87,1.88,1.89,1.88,1.87,1.86,1.85,1.84,1.82,1.82,1.81,1.8,1.79,1.78,1.77,1.77,1.76,1.76,1.75,1.75,1.74,1.74,1.73,1.73,1.73,1.72,1.72,1.72,1.72,1.72,1.71,1.71,1.71,1.71,1.71,1.71,1.71,1.71,1.71,1.71,1.71,1.72,1.72,1.72,1.72,1.72,1.72,1.72,1.72,1.72,1.73,1.73,1.73,1.73,1.73,1.73,1.74,1.74,1.74,1.74,1.74,1.75,1.75,1.75,1.75,1.75,1.75,1.76,1.76,1.76,1.76,1.76,1.76,1.76,1.77,1.77,1.77,1.77,1.77,1.77,1.77,1.78,1.78,1.78,1.78,1.78,1.78,1.78,1.78
Bulgaria,1.18,1.19,1.22,1.26,1.3,1.34,1.38,1.42,1.45,1.47,1.49,1.5,1.51,1.52,1.53,1.55,1.56,1.58,1.59,1.6,1.62,1.63,1.64,1.65,1.66,1.67,1.68,1.68,1.69,1.7,1.71,1.71,1.72,1.73,1.73,1.74,1.74,1.75,1.75,1.76,1.76,1.77,1.77,1.77,1.78,1.78,1.78,1.79,1.79,1.79,1.8,1.8,1.8,1.8,1.8,1.81,1.81,1.81,1.81,1.81,1.82,1.82,1.82,1.82,1.82,1.82,1.83,1.83,1.83,1.83,1.83,1.83,1.83,1.83,1.83,1.83,1.84,1.84,1.84,1.84,1.84,1.84,1.84,1.84,1.84,1.84,1.84,1.84,1.84,1.84,1.84,1.84,1.84,1.84,1.85,1.85,1.85,1.85,1.85,1.85,1.85
Burkina Faso,6.59,6.53,6.47,6.4,6.34,6.27,6.19,6.12,6.04,5.95,5.87,5.78,5.69,5.61,5.52,5.44,5.35,5.27,5.19,5.11,5.03,4.95,4.87,4.8,4.72,4.65,4.57,4.5,4.43,4.36,4.29,4.22,4.16,4.09,4.03,3.97,3.91,3.85,3.79,3.74,3.68,3.63,3.58,3.53,3.48,3.43,3.39,3.34,3.3,3.26,3.22,3.18,3.14,3.1,3.06,3.03,2.99,2.96,2.93,2.9,2.87,2.84,2.81,2.78,2.76,2.73,2.71,2.68,2.66,2.64,2.61,2.59,2.57,2.55,2.53,2.51,2.49,2.47,2.45,2.43,2.41,2.39,2.38,2.36,2.34,2.32,2.31,2.29,2.27,2.26,2.24,2.22,2.21,2.2,2.18,2.17,2.15,2.14,2.13,2.12,2.12
Burundi,7.01,6.95,6.89,6.82,6.76,6.69,6.62,6.53,6.45,6.35,6.26,6.16,6.06,5.96,5.87,5.78,5.7,5.62,5.53,5.45,5.38,5.3,5.22,5.14,5.07,4.99,4.92,4.84,4.77,4.7,4.63,4.56,4.49,4.43,4.36,4.3,4.24,4.18,4.12,4.06,4,3.95,3.89,3.84,3.79,3.73,3.68,3.64,3.59,3.55,3.5,3.46,3.42,3.38,3.34,3.3,3.26,3.22,3.19,3.15,3.12,3.09,3.05,3.02,2.99,2.96,2.94,2.91,2.88,2.85,2.83,2.8,2.78,2.76,2.73,2.71,2.69,2.66,2.64,2.62,2.6,2.58,2.56,2.54,2.52,2.5,2.48,2.46,2.44,2.42,2.41,2.39,2.37,2.35,2.34,2.32,2.31,2.29,2.28,2.26,2.26
Cambodia,3.81,3.65,3.52,3.41,3.31,3.23,3.16,3.09,3.02,2.95,2.88,2.81,2.74,2.68,2.63,2.59,2.56,2.53,2.5,2.47,2.45,2.42,2.39,2.37,2.34,2.32,2.3,2.28,2.26,2.24,2.22,2.2,2.18,2.16,2.14,2.13,2.11,2.1,2.08,2.07,2.05,2.04,2.02,2.01,2,1.99,1.97,1.96,1.95,1.94,1.93,1.92,1.91,1.91,1.9,1.89,1.88,1.88,1.87,1.86,1.86,1.85,1.84,1.84,1.84,1.83,1.83,1.82,1.82,1.82,1.81,1.81,1.81,1.8,1.8,1.8,1.8,1.79,1.79,1.79,1.79,1.79,1.79,1.79,1.79,1.79,1.79,1.78,1.78,1.78,1.78,1.78,1.78,1.78,1.78,1.78,1.78,1.78,1.78,1.78,1.78
Cameroon,5.58,5.52,5.48,5.43,5.39,5.35,5.31,5.27,5.22,5.17,5.11,5.05,4.98,4.92,4.85,4.78,4.71,4.64,4.57,4.51,4.44,4.38,4.32,4.26,4.2,4.14,4.08,4.03,3.97,3.92,3.87,3.82,3.77,3.72,3.68,3.63,3.59,3.55,3.5,3.46,3.43,3.39,3.35,3.31,3.28,3.25,3.21,3.18,3.15,3.12,3.09,3.06,3.03,3,2.97,2.94,2.92,2.89,2.87,2.84,2.82,2.79,2.77,2.75,2.73,2.71,2.69,2.67,2.65,2.63,2.61,2.59,2.57,2.55,2.53,2.51,2.5,2.48,2.46,2.44,2.43,2.41,2.39,2.38,2.36,2.35,2.33,2.31,2.3,2.28,2.27,2.26,2.24,2.23,2.21,2.2,2.19,2.17,2.16,2.15,2.15
Canada,1.52,1.52,1.52,1.53,1.55,1.57,1.6,1.62,1.63,1.64,1.64,1.63,1.62,1.61,1.6,1.59,1.58,1.57,1.56,1.56,1.56,1.56,1.56,1.56,1.56,1.57,1.57,1.57,1.58,1.58,1.59,1.59,1.6,1.6,1.61,1.61,1.61,1.62,1.62,1.63,1.63,1.64,1.64,1.64,1.65,1.65,1.66,1.66,1.67,1.67,1.67,1.68,1.68,1.69,1.69,1.69,1.7,1.7,1.7,1.71,1.71,1.71,1.71,1.72,1.72,1.72,1.73,1.73,1.73,1.73,1.74,1.74,1.74,1.74,1.75,1.75,1.75,1.75,1.75,1.75,1.76,1.76,1.76,1.76,1.76,1.77,1.77,1.77,1.77,1.77,1.77,1.77,1.78,1.78,1.78,1.78,1.78,1.78,1.78,1.79,1.79
Cape Verde,3.76,3.62,3.48,3.36,3.24,3.13,3.02,2.93,2.83,2.75,2.67,2.59,2.53,2.47,2.42,2.37,2.33,2.3,2.27,2.24,2.2,2.18,2.15,2.12,2.1,2.07,2.05,2.03,2.01,1.99,1.97,1.95,1.93,1.92,1.9,1.89,1.87,1.86,1.85,1.84,1.83,1.81,1.81,1.8,1.79,1.78,1.77,1.77,1.76,1.76,1.75,1.75,1.74,1.74,1.74,1.73,1.73,1.73,1.73,1.73,1.73,1.73,1.73,1.73,1.73,1.73,1.73,1.73,1.73,1.73,1.73,1.73,1.73,1.73,1.73,1.73,1.73,1.73,1.74,1.74,1.74,1.74,1.74,1.74,1.74,1.75,1.75,1.75,1.75,1.75,1.75,1.76,1.76,1.76,1.76,1.76,1.76,1.76,1.77,1.77,1.77
Central African Republic,5.5,5.48,5.46,5.44,5.41,5.38,5.35,5.32,5.29,5.25,5.22,5.17,5.12,5.07,5.01,4.94,4.87,4.8,4.72,4.65,4.57,4.5,4.43,4.35,4.28,4.2,4.13,4.06,3.99,3.92,3.85,3.78,3.71,3.65,3.58,3.52,3.46,3.39,3.34,3.28,3.22,3.17,3.12,3.07,3.02,2.98,2.93,2.89,2.85,2.81,2.77,2.74,2.7,2.67,2.64,2.6,2.57,2.55,2.52,2.49,2.46,2.44,2.42,2.39,2.37,2.35,2.33,2.31,2.29,2.27,2.25,2.24,2.22,2.2,2.19,2.17,2.15,2.14,2.12,2.11,2.1,2.09,2.07,2.06,2.05,2.04,2.03,2.02,2.01,2,1.99,1.99,1.98,1.97,1.96,1.96,1.95,1.94,1.94,1.93,1.93
Chad,7.35,7.32,7.27,7.21,7.15,7.07,6.99,6.9,6.8,6.7,6.59,6.48,6.37,6.26,6.16,6.05,5.95,5.85,5.75,5.65,5.55,5.45,5.36,5.26,5.17,5.08,4.99,4.9,4.82,4.73,4.65,4.57,4.49,4.41,4.34,4.26,4.19,4.12,4.05,3.99,3.92,3.86,3.8,3.74,3.68,3.63,3.57,3.52,3.47,3.42,3.37,3.32,3.28,3.24,3.19,3.15,3.12,3.08,3.04,3.01,2.97,2.94,2.91,2.87,2.84,2.81,2.78,2.76,2.73,2.7,2.67,2.65,2.62,2.6,2.57,2.55,2.53,2.51,2.48,2.46,2.44,2.42,2.4,2.38,2.36,2.34,2.32,2.3,2.29,2.27,2.25,2.24,2.22,2.2,2.19,2.17,2.16,2.14,2.13,2.11,2.11
Chile,2.11,2.07,2.05,2.02,2,1.98,1.96,1.95,1.93,1.9,1.88,1.86,1.83,1.82,1.8,1.79,1.77,1.77,1.76,1.75,1.75,1.74,1.74,1.73,1.73,1.73,1.73,1.73,1.73,1.72,1.72,1.72,1.72,1.72,1.72,1.72,1.72,1.72,1.72,1.72,1.72,1.73,1.73,1.73,1.73,1.73,1.73,1.73,1.73,1.73,1.74,1.74,1.74,1.74,1.74,1.74,1.75,1.75,1.75,1.75,1.75,1.75,1.76,1.76,1.76,1.76,1.76,1.76,1.76,1.76,1.77,1.77,1.77,1.77,1.77,1.77,1.78,1.78,1.78,1.78,1.78,1.78,1.78,1.78,1.79,1.79,1.79,1.79,1.79,1.79,1.79,1.79,1.79,1.79,1.8,1.8,1.8,1.8,1.8,1.8,1.8
China,1.5,1.51,1.52,1.54,1.55,1.57,1.57,1.58,1.58,1.59,1.59,1.59,1.6,1.6,1.61,1.62,1.62,1.63,1.64,1.64,1.65,1.66,1.66,1.67,1.67,1.68,1.68,1.69,1.69,1.69,1.7,1.7,1.7,1.71,1.71,1.71,1.72,1.72,1.72,1.73,1.73,1.73,1.74,1.74,1.74,1.74,1.75,1.75,1.75,1.75,1.75,1.76,1.76,1.76,1.76,1.76,1.76,1.77,1.77,1.77,1.77,1.77,1.77,1.77,1.78,1.78,1.78,1.78,1.78,1.78,1.78,1.79,1.79,1.79,1.79,1.79,1.79,1.79,1.79,1.79,1.79,1.79,1.79,1.79,1.79,1.8,1.8,1.8,1.8,1.8,1.8,1.8,1.8,1.8,1.8,1.8,1.8,1.8,1.8,1.8,1.8
Colombia,2.39,2.35,2.31,2.27,2.24,2.2,2.16,2.12,2.08,2.04,2.01,1.98,1.95,1.92,1.9,1.87,1.85,1.83,1.82,1.8,1.78,1.76,1.75,1.74,1.72,1.71,1.7,1.69,1.69,1.68,1.67,1.67,1.67,1.66,1.66,1.66,1.66,1.66,1.65,1.66,1.66,1.66,1.66,1.66,1.66,1.66,1.67,1.67,1.67,1.67,1.68,1.68,1.68,1.68,1.69,1.69,1.69,1.69,1.7,1.7,1.7,1.71,1.71,1.71,1.71,1.72,1.72,1.72,1.72,1.73,1.73,1.73,1.73,1.74,1.74,1.74,1.74,1.74,1.75,1.75,1.75,1.75,1.75,1.76,1.76,1.76,1.76,1.76,1.77,1.77,1.77,1.77,1.77,1.77,1.78,1.78,1.78,1.78,1.78,1.78,1.78
Comoros,5.32,5.31,5.3,5.28,5.25,5.22,5.17,5.11,5.05,4.99,4.92,4.82,4.73,4.64,4.54,4.45,4.35,4.28,4.2,4.14,4.07,4.01,3.95,3.89,3.83,3.77,3.72,3.67,3.62,3.57,3.52,3.47,3.43,3.38,3.34,3.3,3.26,3.22,3.18,3.14,3.11,3.07,3.04,3.01,2.98,2.95,2.92,2.89,2.86,2.83,2.81,2.78,2.75,2.73,2.7,2.68,2.66,2.63,2.61,2.59,2.57,2.55,2.53,2.51,2.49,2.47,2.45,2.43,2.41,2.39,2.38,2.36,2.34,2.32,2.3,2.29,2.27,2.25,2.24,2.22,2.21,2.19,2.18,2.16,2.15,2.13,2.12,2.11,2.1,2.08,2.07,2.06,2.05,2.04,2.03,2.02,2.01,2,1.99,1.98,1.98
"Congo, Dem. Rep.",6.96,6.91,6.86,6.81,6.76,6.71,6.66,6.61,6.57,6.52,6.47,6.42,6.36,6.3,6.24,6.17,6.09,6.02,5.92,5.82,5.72,5.62,5.52,5.42,5.32,5.22,5.12,5.03,4.93,4.84,4.74,4.65,4.56,4.47,4.38,4.29,4.21,4.13,4.05,3.97,3.89,3.81,3.74,3.67,3.6,3.54,3.47,3.41,3.35,3.3,3.24,3.19,3.14,3.09,3.04,3,2.96,2.91,2.87,2.84,2.8,2.76,2.73,2.7,2.66,2.63,2.6,2.57,2.54,2.51,2.49,2.46,2.44,2.41,2.39,2.37,2.34,2.32,2.3,2.28,2.26,2.24,2.22,2.21,2.19,2.17,2.16,2.14,2.13,2.11,2.1,2.08,2.07,2.06,2.05,2.03,2.02,2.01,2,1.99,1.99
"Congo, Rep.",5.1,5.09,5.08,5.07,5.05,5.04,5.03,5.01,5,4.97,4.95,4.92,4.88,4.83,4.78,4.72,4.66,4.6,4.54,4.48,4.42,4.37,4.31,4.26,4.21,4.15,4.1,4.06,4.01,3.96,3.91,3.87,3.82,3.78,3.74,3.7,3.66,3.62,3.58,3.54,3.5,3.47,3.43,3.4,3.37,3.33,3.3,3.27,3.24,3.21,3.18,3.15,3.13,3.1,3.07,3.05,3.02,3,2.97,2.95,2.93,2.9,2.88,2.86,2.84,2.82,2.8,2.78,2.76,2.74,2.72,2.7,2.68,2.66,2.65,2.63,2.61,2.59,2.57,2.56,2.54,2.52,2.51,2.49,2.48,2.46,2.45,2.43,2.42,2.4,2.39,2.37,2.36,2.34,2.33,2.31,2.3,2.29,2.28,2.26,2.26
Costa Rica,2.37,2.29,2.22,2.16,2.11,2.07,2.03,2.01,1.98,1.95,1.92,1.89,1.87,1.84,1.82,1.8,1.78,1.77,1.75,1.74,1.73,1.72,1.71,1.7,1.69,1.68,1.68,1.67,1.67,1.67,1.66,1.66,1.66,1.66,1.66,1.66,1.66,1.66,1.67,1.67,1.67,1.67,1.67,1.68,1.68,1.68,1.68,1.68,1.69,1.69,1.69,1.69,1.7,1.7,1.7,1.7,1.7,1.71,1.71,1.71,1.71,1.72,1.72,1.72,1.72,1.73,1.73,1.73,1.73,1.74,1.74,1.74,1.74,1.75,1.75,1.75,1.75,1.75,1.76,1.76,1.76,1.76,1.76,1.76,1.77,1.77,1.77,1.77,1.77,1.77,1.78,1.78,1.78,1.78,1.78,1.78,1.78,1.78,1.79,1.79,1.79
Cote d'Ivoire,5.71,5.65,5.58,5.52,5.47,5.42,5.38,5.34,5.3,5.26,5.22,5.18,5.14,5.08,5.03,4.97,4.91,4.85,4.78,4.72,4.66,4.6,4.54,4.49,4.43,4.38,4.33,4.27,4.22,4.18,4.13,4.08,4.04,3.99,3.95,3.91,3.86,3.82,3.78,3.75,3.71,3.67,3.63,3.6,3.56,3.53,3.5,3.46,3.43,3.4,3.37,3.34,3.31,3.28,3.25,3.22,3.2,3.17,3.14,3.12,3.09,3.07,3.04,3.02,2.99,2.97,2.95,2.93,2.9,2.88,2.86,2.84,2.82,2.8,2.77,2.75,2.74,2.72,2.7,2.68,2.66,2.64,2.62,2.6,2.59,2.57,2.55,2.54,2.52,2.5,2.48,2.47,2.45,2.43,2.42,2.4,2.38,2.37,2.35,2.34,2.34
Croatia,1.44,1.42,1.39,1.38,1.37,1.38,1.4,1.41,1.43,1.45,1.47,1.48,1.49,1.49,1.49,1.47,1.46,1.45,1.45,1.44,1.44,1.45,1.45,1.45,1.46,1.47,1.48,1.49,1.49,1.5,1.51,1.52,1.52,1.53,1.54,1.55,1.55,1.56,1.57,1.57,1.58,1.59,1.59,1.6,1.61,1.61,1.62,1.62,1.63,1.63,1.64,1.64,1.65,1.65,1.66,1.66,1.67,1.67,1.68,1.68,1.69,1.69,1.69,1.7,1.7,1.7,1.71,1.71,1.71,1.72,1.72,1.72,1.73,1.73,1.73,1.73,1.74,1.74,1.74,1.74,1.75,1.75,1.75,1.75,1.75,1.76,1.76,1.76,1.76,1.76,1.76,1.77,1.77,1.77,1.77,1.77,1.77,1.78,1.78,1.78,1.78
Cuba,1.62,1.61,1.59,1.58,1.58,1.57,1.57,1.58,1.6,1.62,1.64,1.66,1.69,1.7,1.71,1.72,1.72,1.72,1.72,1.72,1.72,1.72,1.73,1.73,1.73,1.73,1.73,1.73,1.74,1.74,1.74,1.74,1.74,1.74,1.75,1.75,1.75,1.75,1.75,1.75,1.75,1.76,1.76,1.76,1.76,1.76,1.76,1.76,1.77,1.77,1.77,1.77,1.77,1.77,1.77,1.77,1.77,1.78,1.78,1.78,1.78,1.78,1.78,1.78,1.78,1.79,1.79,1.79,1.79,1.79,1.79,1.79,1.79,1.79,1.79,1.79,1.8,1.8,1.8,1.8,1.8,1.8,1.8,1.8,1.8,1.8,1.8,1.8,1.8,1.8,1.81,1.81,1.81,1.81,1.81,1.81,1.81,1.81,1.81,1.81,1.81
Cyprus,1.72,1.66,1.61,1.58,1.55,1.52,1.5,1.48,1.46,1.44,1.42,1.41,1.39,1.37,1.36,1.35,1.34,1.34,1.34,1.33,1.33,1.34,1.34,1.35,1.36,1.37,1.38,1.39,1.4,1.41,1.43,1.44,1.45,1.46,1.47,1.48,1.49,1.49,1.5,1.51,1.52,1.53,1.54,1.55,1.55,1.56,1.57,1.58,1.58,1.59,1.6,1.6,1.61,1.62,1.62,1.63,1.63,1.64,1.64,1.65,1.66,1.66,1.67,1.67,1.67,1.68,1.68,1.69,1.69,1.7,1.7,1.7,1.71,1.71,1.71,1.72,1.72,1.72,1.73,1.73,1.73,1.73,1.74,1.74,1.74,1.74,1.75,1.75,1.75,1.75,1.75,1.76,1.76,1.76,1.76,1.76,1.77,1.77,1.77,1.77,1.77
Czech Republic,1.12,1.14,1.17,1.21,1.25,1.3,1.35,1.39,1.42,1.45,1.47,1.48,1.49,1.5,1.51,1.52,1.54,1.56,1.57,1.59,1.6,1.61,1.63,1.64,1.65,1.66,1.67,1.68,1.68,1.69,1.7,1.71,1.71,1.72,1.73,1.73,1.74,1.74,1.75,1.75,1.76,1.76,1.77,1.77,1.78,1.78,1.78,1.79,1.79,1.79,1.8,1.8,1.8,1.8,1.81,1.81,1.81,1.81,1.81,1.82,1.82,1.82,1.82,1.82,1.82,1.82,1.83,1.83,1.83,1.83,1.83,1.83,1.83,1.84,1.84,1.84,1.84,1.84,1.84,1.84,1.84,1.84,1.84,1.84,1.84,1.84,1.84,1.84,1.84,1.85,1.85,1.85,1.85,1.85,1.85,1.85,1.85,1.85,1.85,1.85,1.85
Denmark,1.77,1.75,1.72,1.76,1.78,1.8,1.85,1.85,1.89,1.84,1.88,1.76,1.73,1.88,1.83,1.79,1.74,1.75,1.76,1.77,1.77,1.78,1.78,1.79,1.79,1.79,1.8,1.8,1.8,1.81,1.81,1.81,1.81,1.81,1.82,1.82,1.82,1.82,1.82,1.83,1.83,1.83,1.83,1.83,1.83,1.83,1.84,1.84,1.84,1.84,1.84,1.84,1.84,1.84,1.84,1.84,1.84,1.85,1.85,1.85,1.85,1.85,1.85,1.85,1.85,1.85,1.85,1.85,1.85,1.85,1.85,1.85,1.85,1.85,1.85,1.85,1.85,1.85,1.85,1.86,1.86,1.86,1.86,1.86,1.86,1.86,1.86,1.86,1.86,1.86,1.86,1.86,1.86,1.86,1.86,1.86,1.86,1.86,1.86,1.86,1.86
Djibouti,4.48,4.36,4.24,4.12,3.99,3.87,3.74,3.62,3.5,3.4,3.3,3.21,3.13,3.06,2.98,2.91,2.85,2.79,2.73,2.67,2.62,2.57,2.53,2.49,2.45,2.41,2.37,2.34,2.31,2.28,2.25,2.22,2.2,2.17,2.15,2.13,2.1,2.08,2.06,2.04,2.03,2.01,1.99,1.97,1.96,1.94,1.93,1.92,1.9,1.89,1.88,1.87,1.86,1.85,1.84,1.83,1.82,1.82,1.81,1.8,1.8,1.79,1.79,1.78,1.78,1.78,1.77,1.77,1.77,1.77,1.77,1.76,1.76,1.76,1.76,1.76,1.76,1.76,1.76,1.76,1.76,1.76,1.76,1.76,1.76,1.76,1.76,1.76,1.76,1.76,1.76,1.76,1.76,1.77,1.77,1.77,1.77,1.77,1.77,1.77,1.77
Dominican Republic,2.89,2.86,2.84,2.81,2.78,2.75,2.72,2.69,2.66,2.63,2.6,2.57,2.54,2.51,2.48,2.45,2.42,2.39,2.36,2.34,2.31,2.28,2.26,2.23,2.21,2.19,2.16,2.14,2.12,2.1,2.08,2.06,2.04,2.02,2,1.99,1.97,1.96,1.94,1.93,1.91,1.9,1.89,1.88,1.87,1.86,1.85,1.84,1.83,1.82,1.82,1.81,1.8,1.8,1.79,1.79,1.78,1.78,1.78,1.77,1.77,1.77,1.77,1.76,1.76,1.76,1.76,1.76,1.76,1.76,1.76,1.76,1.76,1.76,1.76,1.76,1.76,1.76,1.76,1.76,1.76,1.76,1.76,1.76,1.76,1.77,1.77,1.77,1.77,1.77,1.77,1.77,1.77,1.77,1.77,1.77,1.77,1.78,1.78,1.78,1.78
Ecuador,3.03,2.97,2.91,2.87,2.83,2.79,2.76,2.74,2.71,2.68,2.66,2.63,2.6,2.57,2.54,2.51,2.49,2.46,2.43,2.41,2.38,2.36,2.33,2.31,2.29,2.27,2.24,2.22,2.2,2.18,2.17,2.15,2.13,2.11,2.09,2.08,2.06,2.05,2.03,2.02,2,1.99,1.98,1.96,1.95,1.94,1.93,1.92,1.91,1.9,1.89,1.88,1.88,1.87,1.86,1.85,1.85,1.84,1.84,1.83,1.83,1.82,1.82,1.81,1.81,1.81,1.8,1.8,1.8,1.8,1.79,1.79,1.79,1.79,1.79,1.79,1.79,1.78,1.78,1.78,1.78,1.78,1.78,1.78,1.78,1.78,1.78,1.78,1.78,1.78,1.78,1.78,1.78,1.78,1.78,1.78,1.78,1.78,1.79,1.79,1.79
Egypt,3.23,3.18,3.13,3.09,3.05,3.02,3,3.02,3.06,3.11,3.19,3.25,3.31,3.34,3.34,3.31,3.27,3.21,3.15,3.1,3.06,3.02,2.98,2.95,2.91,2.88,2.85,2.82,2.79,2.76,2.73,2.71,2.68,2.66,2.63,2.61,2.59,2.57,2.55,2.52,2.5,2.48,2.46,2.44,2.42,2.41,2.39,2.37,2.35,2.34,2.32,2.3,2.29,2.27,2.25,2.24,2.22,2.21,2.19,2.18,2.16,2.15,2.14,2.12,2.11,2.1,2.09,2.08,2.07,2.06,2.05,2.04,2.03,2.02,2.01,2,1.99,1.98,1.98,1.97,1.96,1.96,1.95,1.94,1.94,1.93,1.93,1.92,1.92,1.91,1.91,1.91,1.9,1.9,1.89,1.89,1.89,1.88,1.88,1.88,1.88
El Salvador,3.02,2.9,2.79,2.69,2.6,2.53,2.47,2.41,2.36,2.31,2.27,2.22,2.19,2.16,2.13,2.1,2.08,2.06,2.04,2.02,2,1.98,1.96,1.94,1.93,1.91,1.9,1.88,1.87,1.85,1.84,1.83,1.82,1.81,1.8,1.79,1.78,1.77,1.76,1.75,1.75,1.74,1.74,1.73,1.73,1.72,1.72,1.72,1.71,1.71,1.71,1.71,1.71,1.71,1.71,1.71,1.71,1.71,1.71,1.71,1.71,1.71,1.71,1.71,1.71,1.71,1.71,1.71,1.72,1.72,1.72,1.72,1.72,1.72,1.72,1.73,1.73,1.73,1.73,1.73,1.73,1.74,1.74,1.74,1.74,1.74,1.74,1.75,1.75,1.75,1.75,1.75,1.76,1.76,1.76,1.76,1.76,1.76,1.76,1.77,1.77
Equatorial Guinea,5.83,5.79,5.73,5.68,5.62,5.56,5.5,5.43,5.36,5.29,5.21,5.13,5.04,4.95,4.86,4.78,4.69,4.6,4.51,4.43,4.34,4.26,4.18,4.1,4.03,3.95,3.88,3.8,3.73,3.67,3.6,3.53,3.47,3.41,3.35,3.3,3.24,3.19,3.14,3.09,3.05,3.01,2.96,2.92,2.88,2.85,2.81,2.77,2.74,2.71,2.68,2.65,2.62,2.59,2.56,2.54,2.51,2.49,2.47,2.44,2.42,2.4,2.38,2.36,2.33,2.32,2.3,2.28,2.26,2.24,2.22,2.21,2.19,2.17,2.16,2.14,2.13,2.11,2.1,2.09,2.08,2.06,2.05,2.04,2.03,2.02,2.01,2,1.99,1.99,1.98,1.97,1.96,1.95,1.95,1.94,1.93,1.93,1.92,1.91,1.91
Eritrea,5.33,5.23,5.15,5.07,5.01,4.94,4.88,4.82,4.75,4.68,4.61,4.53,4.44,4.36,4.29,4.21,4.13,4.06,3.99,3.92,3.86,3.79,3.73,3.67,3.61,3.55,3.5,3.45,3.4,3.35,3.3,3.26,3.21,3.17,3.13,3.09,3.05,3.01,2.97,2.94,2.9,2.87,2.84,2.81,2.78,2.75,2.73,2.7,2.67,2.65,2.62,2.6,2.58,2.55,2.53,2.51,2.49,2.47,2.45,2.43,2.41,2.39,2.37,2.35,2.33,2.31,2.3,2.28,2.26,2.25,2.23,2.21,2.2,2.18,2.17,2.15,2.14,2.12,2.11,2.1,2.09,2.07,2.06,2.05,2.04,2.03,2.02,2.01,2,1.99,1.98,1.97,1.96,1.96,1.95,1.94,1.94,1.93,1.92,1.92,1.92
Estonia,1.32,1.34,1.38,1.43,1.48,1.54,1.58,1.62,1.64,1.65,1.64,1.63,1.62,1.61,1.61,1.62,1.63,1.65,1.66,1.67,1.69,1.69,1.7,1.71,1.72,1.73,1.73,1.74,1.74,1.75,1.76,1.76,1.77,1.77,1.77,1.78,1.78,1.78,1.79,1.79,1.79,1.8,1.8,1.8,1.8,1.81,1.81,1.81,1.81,1.82,1.82,1.82,1.82,1.82,1.82,1.83,1.83,1.83,1.83,1.83,1.83,1.83,1.83,1.83,1.84,1.84,1.84,1.84,1.84,1.84,1.84,1.84,1.84,1.84,1.84,1.84,1.84,1.85,1.85,1.85,1.85,1.85,1.85,1.85,1.85,1.85,1.85,1.85,1.85,1.85,1.85,1.85,1.85,1.85,1.85,1.85,1.85,1.85,1.85,1.85,1.85
Eswatini,4.19,4.11,4.04,3.98,3.93,3.87,3.82,3.76,3.69,3.61,3.53,3.44,3.36,3.28,3.2,3.14,3.08,3.03,2.98,2.94,2.89,2.85,2.81,2.76,2.73,2.69,2.65,2.62,2.58,2.55,2.52,2.49,2.46,2.43,2.41,2.38,2.36,2.33,2.31,2.29,2.26,2.24,2.22,2.2,2.18,2.16,2.14,2.12,2.1,2.09,2.07,2.05,2.04,2.02,2.01,2,1.98,1.97,1.96,1.95,1.94,1.93,1.92,1.91,1.9,1.89,1.88,1.87,1.87,1.86,1.85,1.85,1.84,1.84,1.83,1.83,1.82,1.82,1.82,1.81,1.81,1.81,1.8,1.8,1.8,1.8,1.8,1.79,1.79,1.79,1.79,1.79,1.79,1.79,1.79,1.79,1.79,1.78,1.78,1.78,1.78
Ethiopia,6.53,6.38,6.22,6.04,5.87,5.69,5.52,5.36,5.2,5.06,4.92,4.8,4.68,4.56,4.44,4.32,4.2,4.08,3.97,3.86,3.76,3.66,3.56,3.47,3.39,3.31,3.23,3.16,3.09,3.03,2.97,2.91,2.86,2.81,2.76,2.71,2.67,2.63,2.59,2.55,2.51,2.48,2.45,2.42,2.39,2.36,2.33,2.3,2.27,2.25,2.22,2.2,2.18,2.15,2.13,2.11,2.09,2.07,2.06,2.04,2.02,2.01,1.99,1.98,1.97,1.95,1.94,1.93,1.92,1.91,1.9,1.89,1.88,1.87,1.86,1.86,1.85,1.84,1.84,1.83,1.83,1.82,1.82,1.81,1.81,1.8,1.8,1.8,1.8,1.79,1.79,1.79,1.79,1.79,1.78,1.78,1.78,1.78,1.78,1.78,1.78
Fiji,3.09,3.05,3,2.95,2.91,2.86,2.82,2.77,2.74,2.7,2.67,2.64,2.62,2.59,2.57,2.54,2.52,2.49,2.47,2.45,2.42,2.4,2.38,2.36,2.34,2.32,2.3,2.28,2.26,2.24,2.22,2.2,2.19,2.17,2.15,2.14,2.12,2.11,2.09,2.08,2.06,2.05,2.04,2.03,2.01,2,1.99,1.98,1.97,1.96,1.95,1.94,1.93,1.93,1.92,1.91,1.91,1.9,1.89,1.89,1.88,1.88,1.87,1.87,1.86,1.86,1.85,1.85,1.85,1.85,1.84,1.84,1.84,1.84,1.83,1.83,1.83,1.83,1.83,1.83,1.82,1.82,1.82,1.82,1.82,1.82,1.82,1.82,1.82,1.82,1.82,1.82,1.82,1.81,1.81,1.81,1.81,1.81,1.81,1.81,1.81
Finland,1.73,1.73,1.72,1.76,1.8,1.8,1.84,1.83,1.85,1.86,1.87,1.83,1.8,1.85,1.83,1.8,1.77,1.78,1.78,1.78,1.79,1.79,1.79,1.79,1.79,1.79,1.8,1.8,1.8,1.8,1.8,1.8,1.8,1.81,1.81,1.81,1.81,1.81,1.81,1.81,1.81,1.81,1.81,1.82,1.82,1.82,1.82,1.82,1.82,1.82,1.82,1.82,1.82,1.82,1.82,1.82,1.82,1.82,1.82,1.83,1.83,1.83,1.83,1.83,1.83,1.83,1.83,1.83,1.83,1.83,1.83,1.83,1.83,1.83,1.83,1.83,1.83,1.83,1.83,1.83,1.83,1.83,1.83,1.83,1.83,1.83,1.83,1.83,1.83,1.83,1.83,1.83,1.83,1.83,1.83,1.83,1.83,1.83,1.83,1.83,1.83
France,1.82,1.84,1.87,1.89,1.92,1.94,1.96,1.97,1.98,1.99,1.99,1.99,1.99,1.98,1.98,1.98,1.98,1.98,1.97,1.97,1.97,1.97,1.97,1.97,1.96,1.96,1.96,1.96,1.96,1.96,1.96,1.96,1.96,1.96,1.96,1.95,1.95,1.95,1.95,1.95,1.95,1.95,1.95,1.95,1.95,1.95,1.95,1.95,1.95,1.95,1.95,1.95,1.95,1.95,1.95,1.95,1.95,1.95,1.95,1.95,1.95,1.95,1.95,1.95,1.95,1.95,1.95,1.95,1.95,1.94,1.94,1.94,1.94,1.95,1.95,1.95,1.95,1.95,1.95,1.94,1.94,1.94,1.94,1.94,1.94,1.94,1.94,1.94,1.94,1.94,1.94,1.94,1.94,1.94,1.94,1.94,1.94,1.94,1.94,1.94,1.94
Gabon,4.54,4.46,4.39,4.33,4.27,4.23,4.19,4.16,4.14,4.11,4.08,4.05,4.01,3.96,3.91,3.85,3.79,3.72,3.66,3.59,3.54,3.48,3.43,3.38,3.33,3.28,3.23,3.19,3.15,3.11,3.07,3.03,2.99,2.96,2.92,2.89,2.86,2.83,2.8,2.77,2.74,2.72,2.69,2.67,2.64,2.62,2.59,2.57,2.55,2.53,2.51,2.48,2.46,2.44,2.42,2.41,2.39,2.37,2.35,2.33,2.32,2.3,2.28,2.27,2.25,2.24,2.22,2.21,2.19,2.18,2.16,2.15,2.14,2.12,2.11,2.1,2.09,2.08,2.06,2.05,2.04,2.03,2.02,2.01,2,2,1.99,1.98,1.97,1.96,1.96,1.95,1.94,1.94,1.93,1.93,1.92,1.92,1.91,1.91,1.91
Gambia,5.95,5.93,5.91,5.88,5.86,5.84,5.81,5.79,5.76,5.74,5.71,5.68,5.64,5.6,5.54,5.49,5.43,5.36,5.29,5.22,5.14,5.07,4.99,4.92,4.84,4.76,4.68,4.6,4.52,4.44,4.36,4.28,4.2,4.13,4.05,3.97,3.9,3.82,3.75,3.68,3.61,3.54,3.47,3.41,3.34,3.28,3.22,3.16,3.11,3.05,3,2.95,2.91,2.86,2.82,2.77,2.73,2.7,2.66,2.62,2.59,2.56,2.53,2.5,2.47,2.44,2.42,2.39,2.37,2.34,2.32,2.3,2.28,2.26,2.24,2.22,2.2,2.18,2.17,2.15,2.13,2.12,2.1,2.09,2.08,2.07,2.05,2.04,2.03,2.02,2.01,2,1.99,1.98,1.97,1.96,1.95,1.94,1.94,1.93,1.93
Georgia,1.61,1.59,1.59,1.6,1.63,1.66,1.71,1.77,1.82,1.87,1.92,1.95,1.98,2,2,2,2,1.99,1.98,1.97,1.96,1.95,1.95,1.94,1.94,1.94,1.93,1.93,1.93,1.92,1.92,1.92,1.91,1.91,1.91,1.9,1.9,1.9,1.9,1.89,1.89,1.89,1.89,1.89,1.88,1.88,1.88,1.88,1.88,1.88,1.87,1.87,1.87,1.87,1.87,1.87,1.87,1.87,1.86,1.86,1.86,1.86,1.86,1.86,1.86,1.86,1.86,1.86,1.86,1.86,1.85,1.85,1.85,1.85,1.85,1.85,1.85,1.85,1.85,1.85,1.85,1.85,1.85,1.85,1.85,1.85,1.85,1.85,1.85,1.85,1.85,1.85,1.85,1.85,1.85,1.85,1.85,1.85,1.85,1.84,1.84
Germany,1.35,1.35,1.35,1.35,1.35,1.35,1.36,1.36,1.37,1.38,1.39,1.41,1.42,1.43,1.44,1.45,1.46,1.47,1.48,1.48,1.49,1.5,1.5,1.51,1.52,1.52,1.53,1.54,1.54,1.55,1.55,1.56,1.56,1.57,1.57,1.58,1.58,1.59,1.59,1.6,1.6,1.61,1.61,1.61,1.62,1.62,1.63,1.63,1.63,1.64,1.64,1.64,1.65,1.65,1.65,1.66,1.66,1.66,1.66,1.67,1.67,1.67,1.67,1.68,1.68,1.68,1.68,1.69,1.69,1.69,1.69,1.69,1.69,1.7,1.7,1.7,1.7,1.7,1.71,1.71,1.71,1.71,1.71,1.71,1.71,1.71,1.72,1.72,1.72,1.72,1.72,1.72,1.72,1.72,1.73,1.73,1.73,1.73,1.73,1.73,1.73
Ghana,4.83,4.75,4.68,4.61,4.55,4.49,4.44,4.39,4.35,4.31,4.27,4.23,4.19,4.15,4.1,4.04,3.98,3.93,3.87,3.81,3.76,3.71,3.66,3.61,3.57,3.52,3.48,3.43,3.39,3.35,3.32,3.28,3.24,3.21,3.17,3.14,3.11,3.07,3.04,3.01,2.98,2.96,2.93,2.9,2.88,2.85,2.82,2.8,2.78,2.75,2.73,2.71,2.69,2.66,2.64,2.62,2.6,2.58,2.56,2.54,2.52,2.51,2.49,2.47,2.45,2.43,2.42,2.4,2.38,2.37,2.35,2.33,2.32,2.3,2.28,2.27,2.25,2.24,2.23,2.21,2.2,2.19,2.17,2.16,2.15,2.14,2.12,2.11,2.1,2.09,2.08,2.07,2.06,2.05,2.04,2.03,2.02,2.01,2,2,2
Greece,1.32,1.33,1.34,1.36,1.38,1.4,1.42,1.44,1.44,1.43,1.41,1.39,1.37,1.35,1.33,1.31,1.31,1.3,1.3,1.3,1.3,1.3,1.31,1.32,1.33,1.34,1.35,1.36,1.37,1.39,1.4,1.41,1.42,1.43,1.44,1.45,1.46,1.47,1.48,1.49,1.5,1.51,1.52,1.53,1.54,1.54,1.55,1.56,1.57,1.58,1.58,1.59,1.6,1.6,1.61,1.62,1.62,1.63,1.64,1.64,1.65,1.65,1.66,1.66,1.67,1.67,1.68,1.68,1.69,1.69,1.69,1.7,1.7,1.7,1.71,1.71,1.71,1.72,1.72,1.72,1.73,1.73,1.73,1.73,1.74,1.74,1.74,1.74,1.75,1.75,1.75,1.75,1.76,1.76,1.76,1.76,1.76,1.76,1.77,1.77,1.77
Grenada,2.58,2.51,2.46,2.41,2.37,2.34,2.32,2.3,2.28,2.26,2.24,2.22,2.19,2.17,2.15,2.13,2.1,2.08,2.06,2.04,2.02,2,1.99,1.97,1.95,1.94,1.92,1.91,1.89,1.88,1.87,1.86,1.85,1.84,1.83,1.82,1.81,1.81,1.8,1.79,1.79,1.78,1.78,1.77,1.77,1.76,1.76,1.76,1.75,1.75,1.75,1.75,1.75,1.75,1.75,1.75,1.75,1.75,1.75,1.75,1.75,1.75,1.75,1.75,1.75,1.75,1.75,1.75,1.75,1.75,1.75,1.76,1.76,1.76,1.76,1.76,1.76,1.76,1.76,1.76,1.77,1.77,1.77,1.77,1.77,1.77,1.77,1.77,1.78,1.78,1.78,1.78,1.78,1.78,1.78,1.78,1.78,1.79,1.79,1.79,1.79
Guatemala,4.6,4.49,4.37,4.25,4.11,3.97,3.83,3.7,3.58,3.47,3.38,3.29,3.22,3.15,3.09,3.03,2.97,2.92,2.87,2.82,2.77,2.73,2.69,2.65,2.61,2.57,2.54,2.5,2.47,2.44,2.41,2.39,2.36,2.34,2.31,2.29,2.27,2.25,2.23,2.21,2.19,2.17,2.15,2.13,2.12,2.1,2.08,2.07,2.05,2.04,2.03,2.01,2,1.99,1.98,1.96,1.95,1.94,1.93,1.93,1.92,1.91,1.9,1.89,1.89,1.88,1.87,1.87,1.86,1.85,1.85,1.84,1.84,1.84,1.83,1.83,1.83,1.82,1.82,1.82,1.81,1.81,1.81,1.81,1.8,1.8,1.8,1.8,1.8,1.8,1.8,1.8,1.79,1.79,1.79,1.79,1.79,1.79,1.79,1.79,1.79
Guinea,6.08,6.02,5.95,5.88,5.8,5.73,5.65,5.58,5.5,5.42,5.34,5.26,5.18,5.09,5.01,4.93,4.86,4.78,4.7,4.62,4.55,4.48,4.41,4.34,4.27,4.2,4.13,4.07,4,3.94,3.88,3.82,3.76,3.71,3.65,3.6,3.55,3.5,3.45,3.4,3.36,3.31,3.27,3.23,3.19,3.15,3.11,3.08,3.04,3.01,2.97,2.94,2.91,2.88,2.85,2.82,2.79,2.76,2.74,2.71,2.69,2.66,2.64,2.62,2.59,2.57,2.55,2.53,2.51,2.49,2.47,2.45,2.43,2.41,2.39,2.38,2.36,2.34,2.33,2.31,2.29,2.28,2.26,2.25,2.23,2.22,2.2,2.19,2.18,2.16,2.15,2.13,2.12,2.11,2.1,2.08,2.07,2.06,2.05,2.04,2.04
Guinea-Bissau,5.82,5.73,5.64,5.56,5.47,5.39,5.31,5.24,5.17,5.11,5.05,4.99,4.92,4.86,4.78,4.71,4.63,4.56,4.48,4.41,4.34,4.27,4.2,4.13,4.07,4,3.94,3.88,3.82,3.77,3.71,3.66,3.61,3.56,3.51,3.46,3.42,3.37,3.33,3.29,3.24,3.21,3.17,3.13,3.1,3.06,3.03,3,2.96,2.93,2.9,2.87,2.85,2.82,2.79,2.76,2.74,2.71,2.69,2.66,2.64,2.62,2.6,2.58,2.55,2.53,2.51,2.49,2.47,2.45,2.44,2.42,2.4,2.38,2.36,2.35,2.33,2.31,2.3,2.28,2.26,2.25,2.23,2.22,2.2,2.19,2.17,2.16,2.15,2.13,2.12,2.11,2.1,2.08,2.07,2.06,2.05,2.04,2.03,2.02,2.02
Guyana,3.02,2.99,2.96,2.92,2.88,2.84,2.8,2.76,2.72,2.68,2.66,2.63,2.61,2.58,2.56,2.53,2.51,2.49,2.46,2.44,2.41,2.39,2.37,2.35,2.33,2.31,2.29,2.27,2.25,2.23,2.21,2.19,2.18,2.16,2.14,2.13,2.11,2.1,2.08,2.07,2.06,2.04,2.03,2.02,2.01,2,1.99,1.98,1.97,1.96,1.95,1.94,1.93,1.93,1.92,1.91,1.91,1.9,1.89,1.89,1.88,1.88,1.87,1.87,1.87,1.86,1.86,1.86,1.85,1.85,1.85,1.84,1.84,1.84,1.84,1.84,1.83,1.83,1.83,1.83,1.83,1.83,1.83,1.83,1.82,1.82,1.82,1.82,1.82,1.82,1.82,1.82,1.82,1.82,1.82,1.82,1.82,1.82,1.82,1.82,1.82
Haiti,4.3,4.18,4.07,3.96,3.85,3.76,3.67,3.58,3.49,3.41,3.33,3.25,3.17,3.1,3.03,2.97,2.92,2.87,2.82,2.77,2.73,2.69,2.65,2.61,2.57,2.54,2.5,2.47,2.44,2.41,2.39,2.36,2.33,2.31,2.28,2.26,2.24,2.21,2.19,2.17,2.15,2.14,2.12,2.1,2.08,2.07,2.05,2.03,2.02,2,1.99,1.98,1.97,1.95,1.94,1.93,1.92,1.91,1.9,1.89,1.88,1.88,1.87,1.86,1.85,1.85,1.84,1.84,1.83,1.83,1.82,1.82,1.82,1.81,1.81,1.81,1.8,1.8,1.8,1.8,1.79,1.79,1.79,1.79,1.79,1.79,1.79,1.79,1.79,1.79,1.79,1.78,1.78,1.78,1.78,1.78,1.78,1.78,1.78,1.78,1.78
Honduras,4.06,3.94,3.82,3.69,3.57,3.45,3.33,3.2,3.09,2.98,2.87,2.78,2.69,2.62,2.56,2.51,2.46,2.42,2.39,2.35,2.32,2.29,2.26,2.23,2.2,2.18,2.15,2.13,2.1,2.08,2.06,2.04,2.02,2,1.99,1.97,1.95,1.94,1.92,1.91,1.9,1.89,1.87,1.86,1.85,1.84,1.83,1.82,1.82,1.81,1.8,1.79,1.79,1.78,1.78,1.77,1.77,1.76,1.76,1.76,1.76,1.75,1.75,1.75,1.75,1.75,1.75,1.74,1.74,1.74,1.74,1.74,1.74,1.74,1.74,1.74,1.74,1.74,1.74,1.74,1.74,1.75,1.75,1.75,1.75,1.75,1.75,1.75,1.75,1.75,1.75,1.76,1.76,1.76,1.76,1.76,1.76,1.76,1.76,1.76,1.76
Hungary,1.31,1.29,1.29,1.29,1.3,1.3,1.31,1.32,1.32,1.33,1.33,1.33,1.33,1.34,1.35,1.36,1.37,1.39,1.4,1.41,1.43,1.44,1.45,1.46,1.47,1.47,1.48,1.49,1.5,1.51,1.52,1.52,1.53,1.54,1.54,1.55,1.56,1.56,1.57,1.58,1.58,1.59,1.59,1.6,1.6,1.61,1.61,1.62,1.62,1.63,1.63,1.64,1.64,1.64,1.65,1.65,1.65,1.66,1.66,1.66,1.67,1.67,1.67,1.68,1.68,1.68,1.68,1.69,1.69,1.69,1.69,1.7,1.7,1.7,1.7,1.7,1.71,1.71,1.71,1.71,1.71,1.71,1.72,1.72,1.72,1.72,1.72,1.72,1.73,1.73,1.73,1.73,1.73,1.73,1.73,1.73,1.74,1.74,1.74,1.74,1.74
Iceland,2.01,2,2.01,2.02,2.04,2.07,2.09,2.1,2.1,2.09,2.07,2.04,2.01,1.99,1.96,1.95,1.93,1.92,1.91,1.91,1.9,1.89,1.88,1.87,1.87,1.86,1.85,1.85,1.84,1.83,1.83,1.82,1.82,1.81,1.81,1.81,1.8,1.8,1.8,1.79,1.79,1.79,1.79,1.78,1.78,1.78,1.78,1.78,1.78,1.78,1.78,1.78,1.78,1.78,1.77,1.77,1.77,1.77,1.77,1.78,1.78,1.78,1.78,1.78,1.78,1.78,1.78,1.78,1.78,1.78,1.78,1.78,1.78,1.78,1.78,1.78,1.78,1.78,1.78,1.78,1.79,1.79,1.79,1.79,1.79,1.79,1.79,1.79,1.79,1.79,1.79,1.79,1.79,1.79,1.8,1.8,1.8,1.8,1.8,1.8,1.8
India,3.31,3.24,3.18,3.11,3.04,2.97,2.9,2.82,2.75,2.67,2.6,2.53,2.48,2.43,2.38,2.35,2.33,2.3,2.28,2.26,2.24,2.22,2.2,2.18,2.16,2.14,2.12,2.11,2.09,2.07,2.06,2.04,2.03,2.01,2,1.99,1.97,1.96,1.95,1.94,1.93,1.92,1.91,1.9,1.89,1.88,1.87,1.86,1.86,1.85,1.84,1.84,1.83,1.83,1.82,1.82,1.81,1.81,1.8,1.8,1.8,1.79,1.79,1.79,1.79,1.78,1.78,1.78,1.78,1.78,1.78,1.77,1.77,1.77,1.77,1.77,1.77,1.77,1.77,1.77,1.77,1.77,1.77,1.77,1.77,1.77,1.77,1.77,1.77,1.77,1.77,1.77,1.77,1.77,1.77,1.77,1.77,1.78,1.78,1.78,1.78
Indonesia,2.51,2.51,2.51,2.51,2.52,2.51,2.51,2.51,2.5,2.49,2.48,2.47,2.46,2.44,2.41,2.39,2.36,2.34,2.31,2.29,2.26,2.24,2.22,2.2,2.18,2.16,2.14,2.12,2.11,2.09,2.08,2.06,2.05,2.04,2.02,2.01,2,1.99,1.98,1.97,1.96,1.95,1.94,1.93,1.92,1.91,1.91,1.9,1.89,1.89,1.88,1.88,1.87,1.87,1.86,1.86,1.85,1.85,1.85,1.84,1.84,1.84,1.84,1.83,1.83,1.83,1.83,1.83,1.83,1.83,1.82,1.82,1.82,1.82,1.82,1.82,1.82,1.82,1.82,1.82,1.82,1.82,1.82,1.82,1.82,1.82,1.82,1.82,1.82,1.82,1.82,1.82,1.82,1.82,1.82,1.82,1.82,1.82,1.82,1.82,1.82
Iran,2.21,2.09,2,1.93,1.87,1.83,1.81,1.79,1.78,1.77,1.77,1.76,1.74,1.73,1.71,1.69,1.66,1.64,1.61,1.59,1.57,1.55,1.54,1.52,1.51,1.51,1.5,1.5,1.5,1.5,1.5,1.51,1.51,1.52,1.53,1.54,1.54,1.55,1.56,1.57,1.57,1.58,1.59,1.59,1.6,1.61,1.61,1.62,1.62,1.63,1.63,1.64,1.64,1.65,1.65,1.66,1.66,1.67,1.67,1.68,1.68,1.69,1.69,1.69,1.7,1.7,1.7,1.71,1.71,1.72,1.72,1.72,1.72,1.73,1.73,1.73,1.74,1.74,1.74,1.74,1.75,1.75,1.75,1.75,1.76,1.76,1.76,1.76,1.76,1.77,1.77,1.77,1.77,1.77,1.77,1.77,1.78,1.78,1.78,1.78,1.78
Iraq,4.89,4.8,4.71,4.64,4.59,4.56,4.55,4.55,4.55,4.56,4.56,4.56,4.54,4.52,4.48,4.43,4.37,4.31,4.25,4.19,4.14,4.09,4.04,3.99,3.94,3.9,3.85,3.81,3.76,3.72,3.68,3.64,3.6,3.56,3.53,3.49,3.45,3.42,3.39,3.36,3.32,3.29,3.26,3.23,3.21,3.18,3.15,3.12,3.1,3.07,3.05,3.02,3,2.97,2.95,2.93,2.9,2.88,2.86,2.84,2.82,2.8,2.78,2.76,2.74,2.72,2.7,2.68,2.66,2.64,2.62,2.61,2.59,2.57,2.55,2.54,2.52,2.5,2.49,2.47,2.46,2.44,2.42,2.41,2.39,2.38,2.36,2.35,2.33,2.32,2.3,2.29,2.27,2.26,2.25,2.23,2.22,2.21,2.19,2.18,2.18
Ireland,1.95,1.96,1.96,1.97,1.98,1.98,1.99,1.99,2,2,2,2,2,2,1.99,1.99,1.99,1.98,1.98,1.98,1.97,1.97,1.97,1.97,1.96,1.96,1.96,1.96,1.96,1.95,1.95,1.95,1.95,1.95,1.95,1.95,1.94,1.94,1.94,1.94,1.94,1.94,1.94,1.94,1.94,1.94,1.93,1.93,1.93,1.93,1.93,1.93,1.93,1.93,1.93,1.93,1.93,1.93,1.93,1.93,1.93,1.93,1.93,1.93,1.92,1.92,1.92,1.92,1.92,1.92,1.92,1.92,1.92,1.92,1.92,1.92,1.92,1.92,1.92,1.92,1.92,1.92,1.92,1.92,1.92,1.92,1.92,1.92,1.92,1.92,1.92,1.92,1.92,1.92,1.92,1.92,1.92,1.92,1.91,1.91,1.91
Israel,2.92,2.92,2.91,2.91,2.91,2.91,2.92,2.93,2.95,2.97,3,3.01,3.03,3.03,3.02,3,2.97,2.95,2.92,2.89,2.86,2.84,2.82,2.8,2.78,2.76,2.74,2.72,2.7,2.68,2.66,2.64,2.62,2.6,2.59,2.57,2.55,2.54,2.52,2.5,2.49,2.47,2.46,2.44,2.42,2.41,2.39,2.38,2.36,2.35,2.33,2.32,2.3,2.29,2.28,2.26,2.25,2.24,2.22,2.21,2.2,2.18,2.17,2.16,2.15,2.14,2.13,2.12,2.11,2.1,2.09,2.08,2.07,2.06,2.05,2.04,2.03,2.03,2.02,2.01,2.01,2,1.99,1.99,1.98,1.97,1.97,1.96,1.96,1.95,1.95,1.94,1.94,1.93,1.93,1.93,1.92,1.92,1.91,1.91,1.91
Italy,1.25,1.27,1.29,1.31,1.34,1.36,1.38,1.4,1.41,1.42,1.43,1.43,1.43,1.44,1.45,1.46,1.47,1.48,1.5,1.51,1.52,1.53,1.54,1.55,1.56,1.57,1.57,1.58,1.59,1.6,1.6,1.61,1.62,1.62,1.63,1.64,1.64,1.65,1.65,1.66,1.66,1.67,1.67,1.68,1.68,1.68,1.69,1.69,1.7,1.7,1.7,1.71,1.71,1.71,1.72,1.72,1.72,1.73,1.73,1.73,1.73,1.74,1.74,1.74,1.74,1.74,1.75,1.75,1.75,1.75,1.75,1.76,1.76,1.76,1.76,1.76,1.76,1.77,1.77,1.77,1.77,1.77,1.77,1.77,1.77,1.77,1.78,1.78,1.78,1.78,1.78,1.78,1.78,1.78,1.78,1.78,1.78,1.79,1.79,1.79,1.79
Jamaica,2.58,2.53,2.48,2.44,2.4,2.36,2.33,2.29,2.25,2.21,2.17,2.14,2.1,2.07,2.05,2.03,2.01,1.99,1.98,1.97,1.95,1.94,1.92,1.91,1.9,1.89,1.88,1.87,1.86,1.85,1.84,1.83,1.83,1.82,1.81,1.81,1.8,1.8,1.79,1.79,1.78,1.78,1.78,1.78,1.77,1.77,1.77,1.77,1.77,1.77,1.76,1.76,1.76,1.76,1.76,1.76,1.76,1.76,1.76,1.76,1.76,1.76,1.76,1.76,1.76,1.77,1.77,1.77,1.77,1.77,1.77,1.77,1.77,1.77,1.77,1.77,1.78,1.78,1.78,1.78,1.78,1.78,1.78,1.78,1.78,1.78,1.79,1.79,1.79,1.79,1.79,1.79,1.79,1.79,1.79,1.79,1.79,1.8,1.8,1.8,1.8
Japan,1.32,1.31,1.3,1.3,1.3,1.31,1.32,1.33,1.34,1.36,1.37,1.39,1.4,1.42,1.43,1.44,1.46,1.47,1.48,1.5,1.51,1.52,1.53,1.54,1.55,1.56,1.57,1.58,1.59,1.59,1.6,1.61,1.62,1.62,1.63,1.64,1.64,1.65,1.65,1.66,1.66,1.67,1.67,1.68,1.68,1.69,1.69,1.7,1.7,1.7,1.71,1.71,1.71,1.72,1.72,1.72,1.73,1.73,1.73,1.73,1.74,1.74,1.74,1.74,1.75,1.75,1.75,1.75,1.75,1.76,1.76,1.76,1.76,1.76,1.76,1.77,1.77,1.77,1.77,1.77,1.77,1.78,1.78,1.78,1.78,1.78,1.78,1.78,1.78,1.78,1.79,1.79,1.79,1.79,1.79,1.79,1.79,1.79,1.79,1.79,1.79
Jordan,4.03,3.95,3.88,3.83,3.78,3.75,3.73,3.71,3.69,3.68,3.66,3.64,3.6,3.56,3.51,3.45,3.38,3.31,3.24,3.18,3.12,3.07,3.02,2.97,2.93,2.88,2.84,2.8,2.76,2.73,2.69,2.65,2.62,2.59,2.56,2.53,2.5,2.47,2.44,2.41,2.38,2.36,2.33,2.31,2.29,2.26,2.24,2.22,2.2,2.18,2.16,2.14,2.12,2.1,2.08,2.07,2.05,2.03,2.02,2.01,1.99,1.98,1.97,1.95,1.94,1.93,1.92,1.91,1.91,1.9,1.89,1.88,1.88,1.87,1.86,1.86,1.85,1.85,1.84,1.84,1.83,1.83,1.83,1.82,1.82,1.82,1.82,1.81,1.81,1.81,1.81,1.81,1.81,1.8,1.8,1.8,1.8,1.8,1.8,1.8,1.8
Kazakhstan,1.92,1.94,1.99,2.07,2.16,2.26,2.37,2.47,2.55,2.62,2.67,2.7,2.7,2.7,2.68,2.66,2.63,2.6,2.57,2.54,2.51,2.49,2.47,2.45,2.43,2.41,2.39,2.37,2.35,2.33,2.32,2.3,2.28,2.27,2.25,2.24,2.22,2.21,2.2,2.18,2.17,2.16,2.15,2.13,2.12,2.11,2.1,2.09,2.08,2.07,2.06,2.05,2.04,2.04,2.03,2.02,2.01,2,2,1.99,1.98,1.98,1.97,1.97,1.96,1.95,1.95,1.94,1.94,1.93,1.93,1.93,1.92,1.92,1.91,1.91,1.9,1.9,1.9,1.9,1.89,1.89,1.89,1.88,1.88,1.88,1.88,1.88,1.87,1.87,1.87,1.87,1.87,1.86,1.86,1.86,1.86,1.86,1.86,1.85,1.85
Kenya,5.18,5.11,5.04,4.98,4.91,4.84,4.76,4.68,4.58,4.48,4.37,4.27,4.17,4.07,3.99,3.92,3.85,3.79,3.74,3.68,3.63,3.57,3.52,3.47,3.42,3.37,3.33,3.28,3.24,3.2,3.16,3.12,3.08,3.05,3.01,2.98,2.94,2.91,2.88,2.84,2.81,2.78,2.76,2.73,2.7,2.67,2.65,2.62,2.6,2.57,2.55,2.53,2.5,2.48,2.46,2.44,2.41,2.39,2.37,2.35,2.33,2.31,2.3,2.28,2.26,2.24,2.23,2.21,2.19,2.17,2.16,2.14,2.13,2.11,2.1,2.08,2.07,2.05,2.04,2.03,2.02,2.01,2,1.99,1.98,1.97,1.96,1.95,1.94,1.93,1.92,1.92,1.91,1.9,1.9,1.89,1.88,1.88,1.87,1.87,1.87
Kiribati,4.06,4.02,3.98,3.95,3.93,3.91,3.9,3.88,3.87,3.86,3.84,3.82,3.8,3.77,3.73,3.69,3.65,3.61,3.57,3.53,3.49,3.45,3.42,3.38,3.35,3.32,3.28,3.25,3.22,3.19,3.16,3.14,3.11,3.08,3.05,3.03,3,2.98,2.95,2.93,2.91,2.89,2.86,2.84,2.82,2.8,2.78,2.76,2.74,2.72,2.71,2.69,2.67,2.65,2.63,2.61,2.6,2.58,2.56,2.54,2.53,2.51,2.5,2.48,2.47,2.45,2.43,2.42,2.4,2.39,2.37,2.36,2.34,2.33,2.31,2.3,2.29,2.27,2.26,2.25,2.23,2.22,2.21,2.2,2.18,2.17,2.16,2.15,2.14,2.12,2.11,2.1,2.09,2.08,2.07,2.06,2.05,2.05,2.04,2.03,2.03
Kuwait,2.85,2.77,2.69,2.62,2.55,2.5,2.45,2.4,2.34,2.28,2.22,2.15,2.09,2.05,2.01,1.99,1.97,1.96,1.95,1.94,1.94,1.93,1.92,1.91,1.9,1.89,1.89,1.88,1.88,1.87,1.87,1.86,1.86,1.85,1.85,1.84,1.84,1.84,1.84,1.83,1.83,1.83,1.83,1.83,1.82,1.82,1.82,1.82,1.82,1.82,1.82,1.82,1.82,1.82,1.82,1.82,1.82,1.82,1.82,1.82,1.82,1.82,1.82,1.82,1.82,1.82,1.82,1.82,1.82,1.82,1.82,1.82,1.82,1.82,1.82,1.82,1.82,1.82,1.82,1.82,1.82,1.82,1.82,1.82,1.82,1.82,1.83,1.83,1.83,1.83,1.83,1.83,1.83,1.83,1.83,1.83,1.83,1.83,1.83,1.83,1.83
Kyrgyz Republic,2.66,2.58,2.54,2.52,2.54,2.58,2.65,2.73,2.82,2.91,2.98,3.04,3.08,3.09,3.08,3.05,3.01,2.96,2.91,2.86,2.82,2.79,2.76,2.73,2.7,2.67,2.65,2.62,2.6,2.57,2.55,2.53,2.51,2.49,2.47,2.45,2.43,2.41,2.39,2.37,2.36,2.34,2.32,2.31,2.29,2.28,2.26,2.25,2.23,2.22,2.2,2.19,2.18,2.16,2.15,2.14,2.13,2.12,2.1,2.09,2.08,2.07,2.06,2.05,2.04,2.04,2.03,2.02,2.01,2,2,1.99,1.98,1.97,1.97,1.96,1.96,1.95,1.95,1.94,1.94,1.93,1.93,1.92,1.92,1.91,1.91,1.91,1.9,1.9,1.9,1.89,1.89,1.89,1.89,1.88,1.88,1.88,1.87,1.87,1.87
Lao,4.31,4.14,3.98,3.85,3.72,3.62,3.52,3.42,3.33,3.24,3.15,3.06,2.97,2.9,2.82,2.76,2.7,2.64,2.59,2.54,2.5,2.45,2.41,2.37,2.34,2.3,2.27,2.23,2.2,2.17,2.14,2.12,2.09,2.06,2.04,2.02,2,1.97,1.95,1.94,1.92,1.9,1.88,1.87,1.86,1.84,1.83,1.82,1.81,1.8,1.79,1.78,1.77,1.77,1.76,1.76,1.75,1.75,1.74,1.74,1.74,1.74,1.73,1.73,1.73,1.73,1.73,1.73,1.73,1.73,1.73,1.73,1.73,1.73,1.74,1.74,1.74,1.74,1.74,1.74,1.74,1.74,1.75,1.75,1.75,1.75,1.75,1.75,1.76,1.76,1.76,1.76,1.76,1.76,1.76,1.77,1.77,1.77,1.77,1.77,1.77
Latvia,1.18,1.21,1.25,1.3,1.35,1.4,1.43,1.46,1.49,1.5,1.51,1.51,1.51,1.51,1.52,1.53,1.54,1.56,1.57,1.59,1.6,1.61,1.62,1.63,1.64,1.65,1.66,1.67,1.67,1.68,1.69,1.69,1.7,1.71,1.71,1.72,1.72,1.73,1.73,1.74,1.74,1.74,1.75,1.75,1.76,1.76,1.76,1.77,1.77,1.77,1.78,1.78,1.78,1.78,1.79,1.79,1.79,1.79,1.79,1.8,1.8,1.8,1.8,1.8,1.8,1.81,1.81,1.81,1.81,1.81,1.81,1.81,1.81,1.81,1.82,1.82,1.82,1.82,1.82,1.82,1.82,1.82,1.82,1.82,1.82,1.82,1.82,1.83,1.83,1.83,1.83,1.83,1.83,1.83,1.83,1.83,1.83,1.83,1.83,1.83,1.83
Lebanon,2.23,2.13,2.04,1.94,1.84,1.75,1.68,1.63,1.6,1.6,1.61,1.64,1.67,1.7,1.71,1.72,1.72,1.71,1.71,1.7,1.7,1.7,1.7,1.69,1.69,1.69,1.69,1.69,1.69,1.69,1.69,1.69,1.69,1.69,1.69,1.69,1.69,1.69,1.69,1.69,1.69,1.69,1.69,1.7,1.7,1.7,1.7,1.7,1.7,1.7,1.71,1.71,1.71,1.71,1.71,1.72,1.72,1.72,1.72,1.72,1.73,1.73,1.73,1.73,1.73,1.73,1.74,1.74,1.74,1.74,1.74,1.75,1.75,1.75,1.75,1.75,1.75,1.76,1.76,1.76,1.76,1.76,1.76,1.76,1.77,1.77,1.77,1.77,1.77,1.77,1.77,1.78,1.78,1.78,1.78,1.78,1.78,1.78,1.79,1.79,1.79
Lesotho,4.09,3.97,3.86,3.74,3.64,3.55,3.47,3.41,3.37,3.33,3.3,3.28,3.25,3.22,3.19,3.14,3.09,3.04,3,2.95,2.91,2.87,2.83,2.79,2.76,2.72,2.69,2.66,2.63,2.6,2.57,2.55,2.52,2.5,2.47,2.45,2.43,2.41,2.39,2.36,2.35,2.33,2.31,2.29,2.27,2.25,2.24,2.22,2.2,2.19,2.17,2.16,2.14,2.13,2.12,2.1,2.09,2.08,2.06,2.05,2.04,2.03,2.02,2.01,2,1.99,1.98,1.97,1.96,1.95,1.95,1.94,1.93,1.92,1.92,1.91,1.9,1.9,1.89,1.89,1.88,1.88,1.87,1.87,1.87,1.86,1.86,1.86,1.85,1.85,1.85,1.85,1.84,1.84,1.84,1.84,1.84,1.83,1.83,1.83,1.83
Liberia,5.88,5.8,5.72,5.64,5.55,5.46,5.37,5.28,5.19,5.11,5.02,4.94,4.87,4.79,4.72,4.65,4.58,4.51,4.45,4.38,4.32,4.25,4.19,4.13,4.07,4.01,3.96,3.9,3.85,3.8,3.75,3.7,3.65,3.6,3.55,3.51,3.47,3.42,3.38,3.34,3.31,3.27,3.23,3.2,3.16,3.13,3.1,3.07,3.04,3.01,2.98,2.95,2.92,2.89,2.87,2.84,2.81,2.79,2.77,2.74,2.72,2.7,2.68,2.66,2.64,2.62,2.59,2.57,2.55,2.54,2.52,2.5,2.48,2.46,2.44,2.43,2.41,2.39,2.37,2.36,2.34,2.32,2.31,2.29,2.28,2.26,2.25,2.23,2.22,2.2,2.19,2.18,2.16,2.15,2.14,2.12,2.11,2.1,2.09,2.08,2.08
Libya,2.86,2.75,2.67,2.6,2.54,2.49,2.46,2.44,2.43,2.42,2.41,2.4,2.39,2.37,2.35,2.31,2.27,2.24,2.2,2.16,2.13,2.1,2.07,2.04,2.02,2,1.97,1.95,1.93,1.92,1.9,1.88,1.87,1.86,1.84,1.83,1.82,1.81,1.8,1.8,1.79,1.78,1.78,1.77,1.77,1.77,1.76,1.76,1.76,1.76,1.76,1.75,1.75,1.75,1.75,1.75,1.75,1.75,1.75,1.75,1.76,1.76,1.76,1.76,1.76,1.76,1.76,1.76,1.76,1.77,1.77,1.77,1.77,1.77,1.77,1.77,1.77,1.78,1.78,1.78,1.78,1.78,1.78,1.78,1.78,1.78,1.79,1.79,1.79,1.79,1.79,1.79,1.79,1.79,1.79,1.8,1.8,1.8,1.8,1.8,1.8
Lithuania,1.34,1.31,1.29,1.29,1.3,1.32,1.35,1.39,1.43,1.47,1.51,1.54,1.57,1.6,1.62,1.64,1.65,1.66,1.67,1.68,1.69,1.7,1.71,1.71,1.72,1.73,1.74,1.74,1.75,1.76,1.76,1.77,1.77,1.78,1.78,1.78,1.79,1.79,1.8,1.8,1.8,1.81,1.81,1.81,1.82,1.82,1.82,1.82,1.83,1.83,1.83,1.83,1.83,1.84,1.84,1.84,1.84,1.84,1.84,1.85,1.85,1.85,1.85,1.85,1.85,1.85,1.85,1.85,1.85,1.85,1.86,1.86,1.86,1.86,1.86,1.86,1.86,1.86,1.86,1.86,1.86,1.86,1.86,1.86,1.87,1.87,1.87,1.87,1.87,1.87,1.87,1.87,1.87,1.87,1.87,1.87,1.87,1.87,1.87,1.87,1.87
Luxembourg,1.7,1.68,1.67,1.66,1.65,1.64,1.63,1.62,1.61,1.59,1.58,1.57,1.56,1.55,1.56,1.56,1.57,1.58,1.59,1.61,1.61,1.62,1.63,1.63,1.64,1.65,1.65,1.66,1.66,1.67,1.67,1.68,1.68,1.68,1.69,1.69,1.7,1.7,1.7,1.71,1.71,1.71,1.72,1.72,1.72,1.72,1.73,1.73,1.73,1.73,1.74,1.74,1.74,1.74,1.74,1.75,1.75,1.75,1.75,1.75,1.75,1.76,1.76,1.76,1.76,1.76,1.76,1.76,1.76,1.77,1.77,1.77,1.77,1.77,1.77,1.77,1.77,1.77,1.77,1.77,1.77,1.78,1.78,1.78,1.78,1.78,1.78,1.78,1.78,1.78,1.78,1.78,1.78,1.78,1.78,1.78,1.78,1.78,1.79,1.79,1.79
Madagascar,5.55,5.45,5.34,5.24,5.14,5.05,4.96,4.87,4.78,4.69,4.6,4.52,4.44,4.37,4.3,4.24,4.18,4.13,4.08,4.02,3.97,3.92,3.87,3.82,3.77,3.73,3.68,3.63,3.59,3.55,3.51,3.46,3.42,3.39,3.35,3.31,3.28,3.24,3.21,3.18,3.15,3.11,3.08,3.06,3.03,3,2.97,2.94,2.92,2.89,2.87,2.85,2.82,2.8,2.78,2.75,2.73,2.71,2.69,2.67,2.65,2.63,2.61,2.59,2.57,2.56,2.54,2.52,2.5,2.49,2.47,2.45,2.43,2.42,2.4,2.38,2.37,2.35,2.34,2.32,2.31,2.29,2.28,2.26,2.25,2.24,2.22,2.21,2.2,2.19,2.17,2.16,2.15,2.14,2.13,2.11,2.1,2.09,2.08,2.07,2.07
Malawi,6.15,6.1,6.05,6,5.96,5.9,5.83,5.73,5.61,5.47,5.31,5.15,4.99,4.86,4.74,4.65,4.57,4.51,4.44,4.38,4.31,4.25,4.18,4.12,4.05,3.99,3.93,3.87,3.82,3.76,3.71,3.66,3.61,3.56,3.52,3.47,3.43,3.38,3.34,3.3,3.26,3.22,3.19,3.15,3.12,3.08,3.05,3.01,2.98,2.95,2.92,2.89,2.87,2.84,2.81,2.78,2.76,2.73,2.71,2.68,2.66,2.64,2.61,2.59,2.57,2.55,2.53,2.51,2.49,2.47,2.45,2.43,2.41,2.39,2.37,2.35,2.34,2.32,2.3,2.28,2.27,2.25,2.23,2.22,2.2,2.19,2.17,2.16,2.14,2.13,2.12,2.1,2.09,2.08,2.07,2.06,2.05,2.04,2.03,2.02,2.02
Malaysia,2.78,2.66,2.54,2.44,2.36,2.29,2.25,2.22,2.19,2.17,2.15,2.13,2.11,2.09,2.07,2.06,2.04,2.02,2,1.98,1.97,1.95,1.94,1.92,1.91,1.89,1.88,1.87,1.86,1.85,1.84,1.83,1.82,1.81,1.8,1.8,1.79,1.78,1.78,1.77,1.77,1.76,1.76,1.75,1.75,1.75,1.75,1.75,1.74,1.74,1.74,1.74,1.74,1.74,1.74,1.74,1.74,1.74,1.74,1.74,1.74,1.74,1.74,1.74,1.74,1.74,1.74,1.74,1.74,1.74,1.75,1.75,1.75,1.75,1.75,1.75,1.75,1.75,1.75,1.76,1.76,1.76,1.76,1.76,1.76,1.76,1.77,1.77,1.77,1.77,1.77,1.77,1.77,1.77,1.77,1.78,1.78,1.78,1.78,1.78,1.78
Maldives,2.94,2.77,2.63,2.51,2.42,2.34,2.29,2.26,2.24,2.24,2.23,2.22,2.21,2.19,2.17,2.13,2.09,2.05,2.01,1.98,1.94,1.91,1.88,1.86,1.84,1.81,1.79,1.78,1.76,1.75,1.73,1.72,1.71,1.71,1.7,1.69,1.69,1.69,1.69,1.68,1.68,1.69,1.69,1.69,1.69,1.69,1.69,1.7,1.7,1.7,1.7,1.71,1.71,1.71,1.71,1.72,1.72,1.72,1.72,1.73,1.73,1.73,1.73,1.74,1.74,1.74,1.74,1.74,1.75,1.75,1.75,1.75,1.75,1.76,1.76,1.76,1.76,1.76,1.77,1.77,1.77,1.77,1.77,1.77,1.78,1.78,1.78,1.78,1.78,1.78,1.78,1.79,1.79,1.79,1.79,1.79,1.79,1.79,1.79,1.8,1.8
Mali,6.9,6.88,6.86,6.84,6.82,6.79,6.76,6.72,6.67,6.61,6.55,6.47,6.4,6.32,6.23,6.15,6.06,5.97,5.88,5.79,5.7,5.6,5.51,5.42,5.33,5.24,5.15,5.06,4.97,4.88,4.79,4.71,4.62,4.54,4.45,4.37,4.29,4.21,4.13,4.06,3.98,3.91,3.84,3.77,3.7,3.64,3.58,3.52,3.46,3.4,3.35,3.29,3.24,3.19,3.14,3.1,3.05,3.01,2.97,2.93,2.89,2.86,2.82,2.79,2.76,2.72,2.69,2.66,2.63,2.61,2.58,2.55,2.53,2.5,2.48,2.45,2.43,2.41,2.39,2.37,2.34,2.32,2.3,2.28,2.27,2.25,2.23,2.21,2.2,2.18,2.17,2.15,2.14,2.13,2.11,2.1,2.09,2.07,2.06,2.05,2.05
Malta,1.67,1.6,1.53,1.47,1.42,1.4,1.38,1.38,1.38,1.38,1.39,1.4,1.41,1.42,1.43,1.44,1.46,1.47,1.48,1.49,1.5,1.51,1.52,1.53,1.54,1.55,1.56,1.56,1.57,1.58,1.59,1.6,1.6,1.61,1.62,1.62,1.63,1.63,1.64,1.65,1.65,1.66,1.66,1.67,1.67,1.68,1.68,1.68,1.69,1.69,1.7,1.7,1.7,1.71,1.71,1.72,1.72,1.72,1.73,1.73,1.73,1.73,1.74,1.74,1.74,1.74,1.75,1.75,1.75,1.75,1.75,1.76,1.76,1.76,1.76,1.76,1.77,1.77,1.77,1.77,1.77,1.77,1.78,1.78,1.78,1.78,1.78,1.78,1.78,1.78,1.79,1.79,1.79,1.79,1.79,1.79,1.79,1.79,1.8,1.8,1.8
Mauritania,5.45,5.39,5.34,5.28,5.23,5.18,5.14,5.1,5.06,5.02,4.98,4.94,4.9,4.85,4.79,4.74,4.67,4.61,4.55,4.49,4.43,4.38,4.32,4.27,4.21,4.16,4.11,4.06,4.01,3.96,3.91,3.86,3.82,3.77,3.73,3.69,3.64,3.6,3.56,3.53,3.49,3.45,3.41,3.38,3.34,3.31,3.28,3.24,3.21,3.18,3.15,3.12,3.1,3.07,3.04,3.02,2.99,2.97,2.94,2.92,2.89,2.87,2.85,2.83,2.8,2.78,2.76,2.74,2.72,2.7,2.68,2.66,2.64,2.62,2.61,2.59,2.57,2.55,2.54,2.52,2.51,2.49,2.48,2.46,2.44,2.43,2.41,2.4,2.38,2.37,2.35,2.34,2.32,2.31,2.3,2.28,2.27,2.26,2.24,2.23,2.23
Mauritius,1.99,1.96,1.94,1.9,1.87,1.82,1.78,1.72,1.67,1.62,1.58,1.54,1.51,1.48,1.46,1.44,1.43,1.43,1.43,1.42,1.42,1.43,1.43,1.43,1.44,1.45,1.46,1.47,1.47,1.48,1.49,1.5,1.51,1.52,1.52,1.53,1.54,1.55,1.56,1.56,1.57,1.58,1.58,1.59,1.6,1.6,1.61,1.62,1.62,1.63,1.63,1.64,1.64,1.65,1.66,1.66,1.67,1.67,1.67,1.68,1.68,1.69,1.69,1.69,1.7,1.7,1.71,1.71,1.71,1.72,1.72,1.72,1.72,1.73,1.73,1.73,1.74,1.74,1.74,1.74,1.75,1.75,1.75,1.75,1.76,1.76,1.76,1.76,1.76,1.77,1.77,1.77,1.77,1.77,1.77,1.77,1.78,1.78,1.78,1.78,1.78
Mexico,2.72,2.67,2.62,2.58,2.54,2.5,2.46,2.42,2.39,2.36,2.34,2.32,2.3,2.27,2.24,2.22,2.18,2.15,2.12,2.09,2.07,2.04,2.02,1.99,1.97,1.94,1.92,1.9,1.88,1.87,1.85,1.83,1.82,1.81,1.8,1.78,1.77,1.77,1.76,1.75,1.74,1.74,1.73,1.73,1.72,1.72,1.72,1.72,1.72,1.71,1.71,1.71,1.71,1.71,1.71,1.71,1.71,1.72,1.72,1.72,1.72,1.72,1.72,1.72,1.73,1.73,1.73,1.73,1.73,1.73,1.74,1.74,1.74,1.74,1.74,1.75,1.75,1.75,1.75,1.75,1.75,1.76,1.76,1.76,1.76,1.76,1.76,1.77,1.77,1.77,1.77,1.77,1.77,1.78,1.78,1.78,1.78,1.78,1.78,1.78,1.78
"Micronesia, Fed. Sts.",4.3,4.2,4.11,4.01,3.91,3.82,3.74,3.66,3.59,3.52,3.46,3.4,3.35,3.29,3.24,3.19,3.15,3.1,3.05,3.01,2.97,2.93,2.89,2.85,2.81,2.78,2.75,2.71,2.68,2.65,2.62,2.59,2.57,2.54,2.51,2.49,2.47,2.44,2.42,2.4,2.38,2.36,2.33,2.31,2.29,2.28,2.26,2.24,2.22,2.2,2.19,2.17,2.15,2.14,2.12,2.11,2.09,2.08,2.07,2.05,2.04,2.03,2.02,2.01,1.99,1.98,1.97,1.96,1.95,1.94,1.93,1.93,1.92,1.91,1.9,1.9,1.89,1.88,1.88,1.87,1.87,1.86,1.86,1.85,1.85,1.84,1.84,1.84,1.83,1.83,1.83,1.83,1.82,1.82,1.82,1.82,1.81,1.81,1.81,1.81,1.81
Moldova,1.44,1.35,1.29,1.25,1.22,1.22,1.23,1.24,1.26,1.27,1.27,1.27,1.27,1.26,1.26,1.25,1.24,1.23,1.23,1.23,1.23,1.23,1.24,1.25,1.26,1.27,1.29,1.3,1.32,1.33,1.35,1.36,1.37,1.38,1.4,1.41,1.42,1.43,1.44,1.45,1.46,1.47,1.49,1.5,1.51,1.52,1.52,1.53,1.54,1.55,1.56,1.57,1.58,1.58,1.59,1.6,1.6,1.61,1.62,1.62,1.63,1.64,1.64,1.65,1.65,1.66,1.66,1.67,1.67,1.68,1.68,1.68,1.69,1.69,1.7,1.7,1.7,1.71,1.71,1.72,1.72,1.72,1.72,1.73,1.73,1.73,1.73,1.74,1.74,1.74,1.74,1.75,1.75,1.75,1.75,1.75,1.76,1.76,1.76,1.76,1.76
Mongolia,2.14,2.1,2.08,2.08,2.11,2.17,2.24,2.33,2.43,2.54,2.64,2.72,2.77,2.81,2.81,2.79,2.76,2.71,2.67,2.63,2.59,2.56,2.53,2.51,2.48,2.46,2.44,2.42,2.4,2.38,2.36,2.34,2.32,2.3,2.29,2.27,2.25,2.24,2.23,2.21,2.2,2.19,2.18,2.16,2.15,2.14,2.13,2.12,2.11,2.1,2.1,2.09,2.08,2.07,2.06,2.06,2.05,2.04,2.04,2.03,2.03,2.02,2.02,2.01,2.01,2,2,1.99,1.99,1.98,1.98,1.98,1.97,1.97,1.97,1.96,1.96,1.96,1.96,1.95,1.95,1.95,1.94,1.94,1.94,1.94,1.94,1.93,1.93,1.93,1.93,1.93,1.92,1.92,1.92,1.92,1.92,1.92,1.92,1.92,1.92
Montenegro,1.88,1.87,1.86,1.85,1.85,1.84,1.83,1.82,1.81,1.79,1.77,1.75,1.73,1.71,1.69,1.68,1.67,1.66,1.65,1.65,1.64,1.64,1.64,1.63,1.63,1.63,1.64,1.64,1.64,1.64,1.64,1.64,1.65,1.65,1.65,1.65,1.66,1.66,1.66,1.66,1.67,1.67,1.67,1.67,1.68,1.68,1.68,1.69,1.69,1.69,1.69,1.7,1.7,1.7,1.71,1.71,1.71,1.71,1.72,1.72,1.72,1.72,1.73,1.73,1.73,1.73,1.74,1.74,1.74,1.74,1.74,1.75,1.75,1.75,1.75,1.75,1.76,1.76,1.76,1.76,1.76,1.76,1.77,1.77,1.77,1.77,1.77,1.77,1.78,1.78,1.78,1.78,1.78,1.78,1.78,1.78,1.79,1.79,1.79,1.79,1.79
Morocco,2.78,2.72,2.68,2.64,2.61,2.59,2.57,2.56,2.56,2.57,2.58,2.58,2.58,2.57,2.56,2.53,2.49,2.45,2.42,2.38,2.35,2.32,2.3,2.27,2.25,2.22,2.2,2.18,2.16,2.14,2.12,2.1,2.08,2.07,2.05,2.04,2.02,2.01,1.99,1.98,1.97,1.96,1.95,1.94,1.93,1.92,1.91,1.9,1.89,1.88,1.88,1.87,1.86,1.86,1.85,1.85,1.84,1.84,1.84,1.83,1.83,1.83,1.82,1.82,1.82,1.82,1.81,1.81,1.81,1.81,1.81,1.81,1.81,1.8,1.8,1.8,1.8,1.8,1.8,1.8,1.8,1.8,1.8,1.8,1.8,1.8,1.8,1.8,1.8,1.8,1.8,1.8,1.8,1.8,1.8,1.8,1.8,1.8,1.8,1.81,1.81
Mozambique,5.82,5.81,5.8,5.78,5.76,5.74,5.71,5.67,5.64,5.6,5.56,5.52,5.47,5.42,5.37,5.31,5.24,5.18,5.12,5.05,4.99,4.92,4.86,4.8,4.74,4.68,4.61,4.55,4.49,4.43,4.37,4.31,4.25,4.2,4.14,4.08,4.02,3.97,3.91,3.86,3.81,3.75,3.7,3.65,3.6,3.55,3.51,3.46,3.41,3.37,3.33,3.29,3.24,3.2,3.17,3.13,3.09,3.06,3.02,2.99,2.95,2.92,2.89,2.86,2.83,2.8,2.78,2.75,2.72,2.7,2.68,2.65,2.63,2.61,2.58,2.56,2.54,2.52,2.5,2.48,2.47,2.45,2.43,2.41,2.39,2.38,2.36,2.34,2.33,2.31,2.3,2.29,2.27,2.26,2.24,2.23,2.21,2.2,2.18,2.17,2.17
Myanmar,2.91,2.89,2.87,2.83,2.78,2.72,2.66,2.59,2.53,2.47,2.41,2.36,2.32,2.29,2.26,2.23,2.21,2.19,2.17,2.15,2.13,2.11,2.09,2.07,2.05,2.03,2.02,2,1.99,1.97,1.96,1.94,1.93,1.92,1.91,1.9,1.88,1.88,1.87,1.86,1.85,1.84,1.83,1.83,1.82,1.81,1.81,1.8,1.8,1.8,1.79,1.79,1.79,1.78,1.78,1.78,1.78,1.77,1.77,1.77,1.77,1.77,1.77,1.77,1.77,1.77,1.77,1.77,1.77,1.77,1.77,1.77,1.77,1.77,1.77,1.77,1.77,1.77,1.77,1.77,1.77,1.78,1.78,1.78,1.78,1.78,1.78,1.78,1.78,1.78,1.78,1.78,1.78,1.79,1.79,1.79,1.79,1.79,1.79,1.79,1.79
Namibia,4.02,3.93,3.84,3.77,3.71,3.67,3.64,3.62,3.61,3.61,3.61,3.6,3.59,3.56,3.52,3.47,3.42,3.35,3.3,3.24,3.19,3.14,3.1,3.05,3.01,2.97,2.94,2.9,2.86,2.83,2.8,2.76,2.73,2.7,2.67,2.64,2.62,2.59,2.56,2.54,2.51,2.49,2.47,2.44,2.42,2.4,2.38,2.36,2.34,2.32,2.3,2.28,2.26,2.24,2.22,2.2,2.19,2.17,2.15,2.14,2.12,2.11,2.09,2.08,2.07,2.05,2.04,2.03,2.02,2,1.99,1.98,1.97,1.96,1.96,1.95,1.94,1.93,1.93,1.92,1.91,1.91,1.9,1.89,1.89,1.88,1.88,1.87,1.87,1.86,1.86,1.86,1.85,1.85,1.85,1.85,1.84,1.84,1.84,1.84,1.84
Nepal,4.03,3.88,3.72,3.58,3.43,3.29,3.15,3.01,2.87,2.74,2.61,2.49,2.38,2.29,2.22,2.16,2.12,2.08,2.05,2.02,2,1.97,1.94,1.92,1.9,1.88,1.86,1.84,1.82,1.81,1.79,1.78,1.77,1.76,1.75,1.74,1.73,1.72,1.71,1.71,1.7,1.7,1.69,1.69,1.69,1.69,1.68,1.68,1.68,1.68,1.68,1.68,1.68,1.68,1.69,1.69,1.69,1.69,1.69,1.69,1.7,1.7,1.7,1.7,1.7,1.71,1.71,1.71,1.71,1.72,1.72,1.72,1.72,1.72,1.73,1.73,1.73,1.73,1.74,1.74,1.74,1.74,1.74,1.75,1.75,1.75,1.75,1.75,1.76,1.76,1.76,1.76,1.76,1.76,1.77,1.77,1.77,1.77,1.77,1.77,1.77
Netherlands,1.72,1.71,1.73,1.75,1.73,1.71,1.72,1.72,1.77,1.79,1.8,1.76,1.76,1.77,1.76,1.75,1.74,1.75,1.75,1.75,1.76,1.76,1.76,1.77,1.77,1.77,1.77,1.78,1.78,1.78,1.78,1.78,1.79,1.79,1.79,1.79,1.79,1.8,1.8,1.8,1.8,1.8,1.8,1.8,1.81,1.81,1.81,1.81,1.81,1.81,1.81,1.81,1.81,1.81,1.82,1.82,1.82,1.82,1.82,1.82,1.82,1.82,1.82,1.82,1.82,1.82,1.82,1.82,1.82,1.83,1.83,1.83,1.83,1.83,1.83,1.83,1.83,1.83,1.83,1.83,1.83,1.83,1.83,1.83,1.83,1.83,1.83,1.83,1.83,1.83,1.83,1.83,1.83,1.83,1.83,1.83,1.83,1.84,1.84,1.84,1.84
New Zealand,1.98,1.96,1.95,1.98,2.02,2.05,2.09,2.11,2.12,2.13,2.12,2.1,2.07,2.05,2.03,2.01,1.99,1.98,1.97,1.96,1.95,1.94,1.93,1.92,1.91,1.9,1.9,1.89,1.88,1.88,1.87,1.86,1.86,1.85,1.85,1.84,1.84,1.83,1.83,1.83,1.82,1.82,1.82,1.81,1.81,1.81,1.81,1.8,1.8,1.8,1.8,1.8,1.8,1.8,1.8,1.79,1.79,1.79,1.79,1.79,1.79,1.79,1.79,1.79,1.79,1.79,1.79,1.79,1.79,1.79,1.79,1.79,1.79,1.79,1.79,1.79,1.79,1.79,1.79,1.8,1.8,1.8,1.8,1.8,1.8,1.8,1.8,1.8,1.8,1.8,1.8,1.8,1.8,1.8,1.8,1.8,1.8,1.81,1.81,1.81,1.81
Nicaragua,3.08,2.98,2.89,2.81,2.74,2.68,2.62,2.57,2.52,2.48,2.43,2.38,2.34,2.3,2.26,2.23,2.2,2.17,2.14,2.12,2.09,2.07,2.04,2.02,2,1.98,1.96,1.94,1.92,1.9,1.89,1.87,1.86,1.84,1.83,1.82,1.81,1.8,1.79,1.78,1.77,1.77,1.76,1.75,1.75,1.74,1.74,1.73,1.73,1.73,1.73,1.73,1.72,1.72,1.72,1.72,1.72,1.72,1.72,1.72,1.72,1.72,1.73,1.73,1.73,1.73,1.73,1.73,1.73,1.73,1.73,1.73,1.74,1.74,1.74,1.74,1.74,1.75,1.75,1.75,1.75,1.75,1.75,1.76,1.76,1.76,1.76,1.76,1.76,1.76,1.77,1.77,1.77,1.77,1.77,1.77,1.77,1.78,1.78,1.78,1.78
Niger,7.68,7.67,7.66,7.64,7.63,7.61,7.59,7.57,7.54,7.52,7.49,7.46,7.42,7.38,7.34,7.29,7.24,7.18,7.13,7.07,7,6.93,6.86,6.79,6.71,6.64,6.56,6.48,6.4,6.31,6.23,6.15,6.06,5.98,5.89,5.81,5.73,5.64,5.56,5.48,5.39,5.31,5.23,5.15,5.07,4.99,4.91,4.83,4.75,4.68,4.6,4.53,4.45,4.38,4.31,4.24,4.17,4.11,4.04,3.98,3.92,3.85,3.79,3.73,3.68,3.62,3.56,3.51,3.46,3.41,3.37,3.32,3.27,3.23,3.19,3.15,3.1,3.06,3.03,2.99,2.95,2.92,2.88,2.85,2.82,2.79,2.76,2.73,2.71,2.68,2.65,2.63,2.6,2.58,2.55,2.53,2.51,2.49,2.47,2.44,2.44
Nigeria,6.11,6.08,6.06,6.04,6.01,5.99,5.96,5.93,5.9,5.87,5.84,5.8,5.76,5.71,5.65,5.59,5.53,5.46,5.39,5.32,5.25,5.18,5.11,5.05,4.98,4.91,4.84,4.77,4.71,4.64,4.57,4.51,4.44,4.38,4.32,4.25,4.19,4.13,4.07,4.01,3.95,3.9,3.84,3.79,3.73,3.68,3.63,3.58,3.53,3.48,3.44,3.39,3.34,3.3,3.26,3.22,3.17,3.14,3.1,3.06,3.02,2.99,2.96,2.93,2.9,2.87,2.84,2.81,2.78,2.75,2.73,2.7,2.68,2.65,2.63,2.6,2.58,2.56,2.54,2.52,2.5,2.48,2.46,2.44,2.42,2.4,2.39,2.37,2.35,2.34,2.32,2.3,2.29,2.27,2.26,2.24,2.23,2.21,2.2,2.19,2.19
North Korea,1.99,1.99,1.99,2,2,2,2,2,1.99,1.99,1.98,1.97,1.96,1.95,1.93,1.92,1.91,1.9,1.89,1.88,1.87,1.87,1.86,1.85,1.85,1.84,1.84,1.83,1.83,1.82,1.82,1.81,1.81,1.81,1.8,1.8,1.8,1.79,1.79,1.79,1.79,1.78,1.78,1.78,1.78,1.78,1.78,1.78,1.78,1.78,1.78,1.78,1.78,1.78,1.78,1.78,1.78,1.78,1.78,1.78,1.78,1.78,1.78,1.78,1.78,1.78,1.78,1.78,1.78,1.78,1.78,1.78,1.78,1.79,1.79,1.79,1.79,1.79,1.79,1.79,1.79,1.79,1.79,1.79,1.79,1.79,1.8,1.8,1.8,1.8,1.8,1.8,1.8,1.8,1.8,1.8,1.8,1.8,1.8,1.8,1.8
North Macedonia,1.72,1.68,1.64,1.61,1.57,1.53,1.5,1.48,1.47,1.46,1.47,1.47,1.49,1.5,1.51,1.52,1.53,1.54,1.55,1.56,1.56,1.57,1.58,1.59,1.59,1.6,1.6,1.61,1.62,1.62,1.63,1.63,1.64,1.64,1.65,1.65,1.66,1.66,1.67,1.67,1.67,1.68,1.68,1.69,1.69,1.69,1.7,1.7,1.7,1.71,1.71,1.71,1.72,1.72,1.72,1.73,1.73,1.73,1.73,1.74,1.74,1.74,1.74,1.75,1.75,1.75,1.75,1.75,1.76,1.76,1.76,1.76,1.76,1.77,1.77,1.77,1.77,1.77,1.77,1.77,1.78,1.78,1.78,1.78,1.78,1.78,1.78,1.78,1.79,1.79,1.79,1.79,1.79,1.79,1.79,1.79,1.8,1.8,1.8,1.8,1.8
Norway,1.85,1.78,1.75,1.8,1.83,1.84,1.9,1.9,1.96,1.98,1.95,1.88,1.85,1.91,1.87,1.84,1.82,1.82,1.83,1.83,1.83,1.83,1.83,1.83,1.84,1.84,1.84,1.84,1.84,1.84,1.84,1.84,1.84,1.84,1.84,1.85,1.85,1.85,1.85,1.85,1.85,1.85,1.85,1.85,1.85,1.85,1.85,1.85,1.85,1.85,1.85,1.85,1.86,1.86,1.86,1.86,1.86,1.86,1.86,1.86,1.86,1.86,1.86,1.86,1.86,1.86,1.86,1.86,1.86,1.86,1.86,1.86,1.86,1.86,1.86,1.86,1.86,1.86,1.86,1.86,1.86,1.86,1.86,1.86,1.86,1.86,1.86,1.86,1.86,1.86,1.86,1.86,1.86,1.86,1.86,1.86,1.86,1.86,1.86,1.86,1.86
Oman,3.72,3.48,3.29,3.14,3.03,2.95,2.91,2.89,2.89,2.9,2.9,2.9,2.88,2.85,2.8,2.74,2.67,2.59,2.52,2.46,2.4,2.35,2.3,2.26,2.22,2.18,2.14,2.11,2.07,2.04,2.01,1.98,1.96,1.93,1.91,1.89,1.87,1.85,1.83,1.81,1.8,1.79,1.78,1.77,1.76,1.75,1.74,1.74,1.73,1.73,1.73,1.72,1.72,1.72,1.72,1.72,1.72,1.72,1.73,1.73,1.73,1.73,1.73,1.73,1.74,1.74,1.74,1.74,1.74,1.74,1.74,1.75,1.75,1.75,1.75,1.75,1.75,1.76,1.76,1.76,1.76,1.76,1.76,1.77,1.77,1.77,1.77,1.77,1.77,1.77,1.78,1.78,1.78,1.78,1.78,1.78,1.78,1.79,1.79,1.79,1.79
Pakistan,4.58,4.44,4.31,4.21,4.13,4.07,4.02,3.98,3.94,3.9,3.86,3.8,3.74,3.68,3.62,3.55,3.48,3.41,3.35,3.29,3.23,3.17,3.12,3.07,3.03,2.98,2.94,2.9,2.86,2.82,2.78,2.74,2.71,2.68,2.65,2.62,2.59,2.56,2.53,2.5,2.48,2.45,2.43,2.4,2.38,2.36,2.34,2.31,2.29,2.27,2.25,2.24,2.22,2.2,2.18,2.16,2.15,2.13,2.11,2.1,2.08,2.07,2.05,2.04,2.03,2.01,2,1.99,1.98,1.97,1.96,1.95,1.94,1.93,1.92,1.92,1.91,1.9,1.9,1.89,1.88,1.88,1.87,1.87,1.86,1.86,1.85,1.85,1.84,1.84,1.84,1.83,1.83,1.83,1.83,1.82,1.82,1.82,1.82,1.82,1.82
Palestine,5.38,5.23,5.09,4.97,4.87,4.78,4.7,4.62,4.55,4.49,4.42,4.35,4.28,4.21,4.14,4.08,4.01,3.94,3.88,3.82,3.75,3.7,3.64,3.58,3.53,3.48,3.43,3.38,3.33,3.29,3.24,3.2,3.16,3.12,3.08,3.04,3.01,2.97,2.94,2.91,2.88,2.85,2.82,2.79,2.76,2.74,2.71,2.69,2.66,2.64,2.61,2.59,2.57,2.54,2.52,2.5,2.48,2.46,2.44,2.42,2.4,2.38,2.36,2.34,2.33,2.31,2.29,2.27,2.26,2.24,2.23,2.21,2.2,2.18,2.17,2.15,2.14,2.13,2.11,2.1,2.09,2.08,2.07,2.05,2.04,2.03,2.02,2.02,2.01,2,1.99,1.98,1.97,1.96,1.95,1.95,1.94,1.93,1.93,1.92,1.92
Panama,2.74,2.72,2.7,2.68,2.66,2.65,2.64,2.64,2.63,2.63,2.62,2.61,2.6,2.59,2.57,2.54,2.51,2.49,2.46,2.43,2.41,2.39,2.37,2.34,2.32,2.3,2.29,2.27,2.25,2.23,2.21,2.2,2.18,2.16,2.15,2.13,2.12,2.1,2.09,2.07,2.06,2.05,2.04,2.03,2.02,2.01,2,1.99,1.98,1.97,1.96,1.95,1.94,1.93,1.93,1.92,1.91,1.91,1.9,1.9,1.89,1.89,1.88,1.88,1.87,1.87,1.87,1.86,1.86,1.86,1.85,1.85,1.85,1.85,1.84,1.84,1.84,1.84,1.84,1.84,1.84,1.83,1.83,1.83,1.83,1.83,1.83,1.83,1.83,1.83,1.83,1.83,1.83,1.82,1.82,1.82,1.82,1.82,1.82,1.82,1.82
Papua New Guinea,4.53,4.48,4.42,4.37,4.32,4.26,4.21,4.16,4.1,4.04,3.99,3.93,3.87,3.81,3.76,3.71,3.66,3.61,3.56,3.52,3.47,3.43,3.39,3.35,3.31,3.27,3.23,3.19,3.16,3.13,3.09,3.06,3.03,3,2.97,2.94,2.92,2.89,2.86,2.84,2.81,2.79,2.77,2.74,2.72,2.7,2.67,2.65,2.63,2.61,2.59,2.57,2.55,2.54,2.52,2.5,2.48,2.47,2.45,2.43,2.41,2.4,2.38,2.37,2.35,2.34,2.32,2.31,2.29,2.28,2.26,2.25,2.23,2.22,2.21,2.19,2.18,2.17,2.16,2.14,2.13,2.12,2.11,2.1,2.09,2.08,2.07,2.05,2.05,2.04,2.03,2.02,2.01,2,1.99,1.99,1.98,1.97,1.96,1.96,1.96
Paraguay,3.55,3.43,3.32,3.21,3.12,3.04,2.97,2.91,2.85,2.79,2.73,2.68,2.63,2.58,2.54,2.51,2.48,2.45,2.43,2.4,2.38,2.36,2.33,2.31,2.29,2.27,2.25,2.23,2.21,2.19,2.17,2.15,2.13,2.12,2.1,2.09,2.07,2.06,2.04,2.03,2.02,2,1.99,1.98,1.97,1.96,1.95,1.94,1.93,1.92,1.91,1.9,1.89,1.88,1.87,1.87,1.86,1.85,1.85,1.84,1.84,1.83,1.83,1.82,1.82,1.81,1.81,1.81,1.8,1.8,1.8,1.8,1.8,1.79,1.79,1.79,1.79,1.79,1.79,1.78,1.78,1.78,1.78,1.78,1.78,1.78,1.78,1.78,1.78,1.78,1.78,1.78,1.78,1.78,1.78,1.78,1.78,1.78,1.78,1.78,1.78
Peru,2.93,2.87,2.82,2.77,2.73,2.68,2.65,2.62,2.59,2.57,2.55,2.53,2.5,2.48,2.46,2.43,2.4,2.37,2.34,2.31,2.29,2.26,2.24,2.21,2.19,2.17,2.15,2.13,2.11,2.09,2.07,2.05,2.03,2.01,2,1.98,1.97,1.95,1.94,1.92,1.91,1.9,1.89,1.88,1.87,1.86,1.85,1.84,1.83,1.83,1.82,1.81,1.81,1.8,1.8,1.79,1.79,1.78,1.78,1.78,1.77,1.77,1.77,1.77,1.77,1.77,1.76,1.76,1.76,1.76,1.76,1.76,1.76,1.76,1.76,1.76,1.76,1.76,1.76,1.76,1.76,1.76,1.76,1.76,1.76,1.76,1.76,1.76,1.77,1.77,1.77,1.77,1.77,1.77,1.77,1.77,1.77,1.77,1.78,1.78,1.78
Philippines,3.81,3.77,3.71,3.65,3.58,3.5,3.43,3.35,3.28,3.21,3.16,3.11,3.07,3.03,2.99,2.96,2.93,2.89,2.86,2.84,2.81,2.78,2.75,2.72,2.69,2.67,2.64,2.62,2.59,2.57,2.55,2.52,2.5,2.48,2.46,2.44,2.42,2.4,2.38,2.36,2.34,2.32,2.3,2.29,2.27,2.25,2.24,2.22,2.21,2.19,2.17,2.16,2.14,2.13,2.11,2.1,2.09,2.07,2.06,2.05,2.03,2.02,2.01,2,1.99,1.98,1.97,1.96,1.95,1.95,1.94,1.93,1.92,1.92,1.91,1.9,1.9,1.89,1.89,1.88,1.87,1.87,1.86,1.86,1.86,1.85,1.85,1.85,1.84,1.84,1.84,1.83,1.83,1.83,1.83,1.83,1.82,1.82,1.82,1.82,1.82
Poland,1.35,1.31,1.28,1.28,1.28,1.3,1.32,1.34,1.36,1.37,1.37,1.36,1.34,1.33,1.32,1.31,1.3,1.29,1.29,1.29,1.29,1.29,1.29,1.3,1.31,1.32,1.34,1.35,1.36,1.37,1.39,1.4,1.41,1.42,1.43,1.44,1.45,1.46,1.47,1.48,1.49,1.5,1.51,1.52,1.53,1.54,1.55,1.56,1.56,1.57,1.58,1.59,1.59,1.6,1.61,1.61,1.62,1.63,1.63,1.64,1.64,1.65,1.65,1.66,1.66,1.67,1.67,1.68,1.68,1.68,1.69,1.69,1.7,1.7,1.7,1.71,1.71,1.71,1.72,1.72,1.72,1.73,1.73,1.73,1.73,1.74,1.74,1.74,1.74,1.75,1.75,1.75,1.75,1.75,1.76,1.76,1.76,1.76,1.76,1.76,1.76
Portugal,1.46,1.46,1.45,1.44,1.43,1.42,1.4,1.38,1.36,1.34,1.33,1.31,1.29,1.28,1.26,1.25,1.25,1.24,1.24,1.24,1.24,1.24,1.25,1.25,1.26,1.28,1.29,1.3,1.32,1.33,1.34,1.36,1.37,1.38,1.39,1.41,1.42,1.43,1.44,1.45,1.46,1.47,1.48,1.49,1.5,1.51,1.52,1.53,1.54,1.55,1.56,1.57,1.57,1.58,1.59,1.6,1.6,1.61,1.62,1.62,1.63,1.63,1.64,1.65,1.65,1.66,1.66,1.67,1.67,1.68,1.68,1.68,1.69,1.69,1.7,1.7,1.7,1.71,1.71,1.71,1.72,1.72,1.72,1.72,1.73,1.73,1.73,1.74,1.74,1.74,1.74,1.75,1.75,1.75,1.75,1.75,1.76,1.76,1.76,1.76,1.76
Qatar,3.24,3.12,3,2.86,2.71,2.57,2.43,2.31,2.21,2.13,2.07,2.03,2,1.97,1.95,1.93,1.91,1.89,1.87,1.85,1.83,1.81,1.79,1.77,1.76,1.74,1.73,1.71,1.7,1.69,1.68,1.67,1.66,1.65,1.65,1.64,1.64,1.63,1.63,1.62,1.62,1.62,1.62,1.62,1.62,1.62,1.62,1.62,1.62,1.62,1.63,1.63,1.63,1.64,1.64,1.64,1.64,1.65,1.65,1.65,1.66,1.66,1.66,1.67,1.67,1.67,1.68,1.68,1.69,1.69,1.69,1.69,1.7,1.7,1.7,1.71,1.71,1.71,1.72,1.72,1.72,1.73,1.73,1.73,1.73,1.73,1.74,1.74,1.74,1.74,1.75,1.75,1.75,1.75,1.75,1.76,1.76,1.76,1.76,1.76,1.76
Romania,1.31,1.31,1.32,1.33,1.36,1.38,1.4,1.43,1.45,1.46,1.47,1.48,1.49,1.49,1.5,1.51,1.52,1.53,1.54,1.55,1.56,1.57,1.58,1.59,1.6,1.6,1.61,1.62,1.62,1.63,1.64,1.64,1.65,1.65,1.66,1.67,1.67,1.68,1.68,1.68,1.69,1.69,1.7,1.7,1.7,1.71,1.71,1.71,1.72,1.72,1.72,1.73,1.73,1.73,1.73,1.74,1.74,1.74,1.74,1.75,1.75,1.75,1.75,1.75,1.76,1.76,1.76,1.76,1.76,1.76,1.76,1.77,1.77,1.77,1.77,1.77,1.77,1.77,1.78,1.78,1.78,1.78,1.78,1.78,1.78,1.78,1.78,1.78,1.79,1.79,1.79,1.79,1.79,1.79,1.79,1.79,1.79,1.79,1.79,1.79,1.79
Russia,1.2,1.22,1.29,1.33,1.34,1.29,1.3,1.41,1.49,1.54,1.57,1.59,1.62,1.66,1.7,1.74,1.75,1.76,1.76,1.77,1.77,1.78,1.79,1.79,1.8,1.81,1.81,1.82,1.82,1.82,1.83,1.83,1.84,1.84,1.84,1.85,1.85,1.85,1.86,1.86,1.86,1.86,1.86,1.87,1.87,1.87,1.87,1.87,1.88,1.88,1.88,1.88,1.88,1.88,1.88,1.88,1.88,1.89,1.89,1.89,1.89,1.89,1.89,1.89,1.89,1.89,1.89,1.89,1.89,1.89,1.9,1.9,1.9,1.9,1.9,1.9,1.9,1.9,1.9,1.9,1.9,1.9,1.9,1.9,1.9,1.9,1.9,1.9,1.9,1.9,1.9,1.9,1.9,1.9,1.9,1.9,1.9,1.9,1.9,1.9,1.9
Rwanda,5.64,5.54,5.45,5.35,5.24,5.14,5.02,4.9,4.77,4.64,4.52,4.39,4.27,4.16,4.06,3.97,3.89,3.81,3.74,3.67,3.6,3.53,3.47,3.41,3.35,3.29,3.23,3.18,3.13,3.08,3.03,2.98,2.94,2.9,2.85,2.81,2.77,2.73,2.69,2.65,2.62,2.58,2.55,2.51,2.48,2.45,2.42,2.39,2.36,2.33,2.3,2.27,2.24,2.22,2.19,2.17,2.14,2.12,2.1,2.07,2.05,2.03,2.01,1.99,1.97,1.96,1.94,1.93,1.91,1.9,1.88,1.87,1.86,1.85,1.84,1.83,1.82,1.81,1.8,1.8,1.79,1.78,1.78,1.77,1.77,1.76,1.76,1.76,1.75,1.75,1.75,1.75,1.74,1.74,1.74,1.74,1.74,1.74,1.74,1.74,1.74
Samoa,4.5,4.48,4.46,4.45,4.46,4.46,4.46,4.45,4.43,4.39,4.34,4.28,4.21,4.15,4.09,4.03,3.98,3.93,3.88,3.83,3.78,3.74,3.69,3.65,3.6,3.56,3.52,3.49,3.45,3.41,3.37,3.34,3.31,3.27,3.24,3.21,3.17,3.14,3.11,3.09,3.06,3.03,3,2.98,2.95,2.93,2.9,2.88,2.85,2.83,2.81,2.78,2.76,2.74,2.72,2.7,2.68,2.66,2.64,2.62,2.6,2.58,2.56,2.54,2.52,2.5,2.49,2.47,2.45,2.43,2.41,2.4,2.38,2.36,2.35,2.33,2.31,2.3,2.28,2.27,2.25,2.24,2.22,2.21,2.19,2.18,2.17,2.15,2.14,2.13,2.12,2.1,2.09,2.08,2.07,2.06,2.05,2.04,2.03,2.02,2.02
Sao Tome and Principe,5.28,5.23,5.17,5.12,5.07,5.02,4.97,4.93,4.88,4.84,4.79,4.74,4.69,4.64,4.58,4.52,4.46,4.39,4.33,4.27,4.22,4.16,4.1,4.05,4,3.95,3.9,3.85,3.8,3.75,3.71,3.66,3.62,3.58,3.53,3.49,3.45,3.42,3.38,3.34,3.31,3.27,3.24,3.21,3.17,3.14,3.11,3.08,3.05,3.02,3,2.97,2.95,2.92,2.89,2.87,2.84,2.82,2.8,2.78,2.75,2.73,2.71,2.69,2.67,2.65,2.63,2.61,2.59,2.58,2.56,2.54,2.52,2.51,2.49,2.47,2.46,2.44,2.42,2.41,2.39,2.38,2.36,2.35,2.33,2.32,2.3,2.29,2.28,2.26,2.25,2.23,2.22,2.21,2.2,2.18,2.17,2.16,2.15,2.13,2.13
Saudi Arabia,3.97,3.83,3.71,3.6,3.51,3.42,3.33,3.24,3.15,3.06,2.96,2.87,2.78,2.7,2.64,2.58,2.53,2.49,2.45,2.42,2.38,2.34,2.31,2.28,2.24,2.21,2.18,2.16,2.13,2.1,2.08,2.05,2.03,2.01,1.99,1.97,1.95,1.93,1.91,1.89,1.88,1.86,1.85,1.83,1.82,1.81,1.8,1.79,1.78,1.77,1.76,1.76,1.75,1.74,1.74,1.73,1.73,1.73,1.72,1.72,1.72,1.72,1.72,1.71,1.71,1.71,1.71,1.71,1.71,1.71,1.71,1.71,1.72,1.72,1.72,1.72,1.72,1.72,1.72,1.73,1.73,1.73,1.73,1.73,1.73,1.74,1.74,1.74,1.74,1.74,1.75,1.75,1.75,1.75,1.75,1.75,1.76,1.76,1.76,1.76,1.76
Senegal,5.47,5.39,5.31,5.25,5.2,5.16,5.13,5.11,5.1,5.08,5.06,5.04,5,4.96,4.9,4.84,4.77,4.7,4.62,4.55,4.49,4.42,4.36,4.3,4.24,4.19,4.13,4.08,4.03,3.97,3.92,3.88,3.83,3.78,3.74,3.69,3.65,3.61,3.57,3.53,3.49,3.45,3.41,3.38,3.34,3.31,3.27,3.24,3.21,3.18,3.15,3.12,3.09,3.06,3.03,3.01,2.98,2.95,2.93,2.9,2.88,2.86,2.83,2.81,2.79,2.77,2.74,2.72,2.7,2.68,2.66,2.64,2.62,2.6,2.58,2.56,2.54,2.53,2.51,2.49,2.47,2.46,2.44,2.42,2.41,2.39,2.37,2.35,2.34,2.32,2.31,2.29,2.28,2.26,2.25,2.23,2.22,2.2,2.19,2.17,2.17
Serbia,1.77,1.74,1.72,1.69,1.66,1.64,1.61,1.6,1.58,1.58,1.58,1.58,1.58,1.59,1.6,1.6,1.61,1.62,1.62,1.63,1.63,1.64,1.64,1.65,1.65,1.66,1.66,1.66,1.67,1.67,1.68,1.68,1.68,1.69,1.69,1.69,1.7,1.7,1.7,1.71,1.71,1.71,1.72,1.72,1.72,1.72,1.73,1.73,1.73,1.73,1.74,1.74,1.74,1.74,1.75,1.75,1.75,1.75,1.75,1.76,1.76,1.76,1.76,1.76,1.77,1.77,1.77,1.77,1.77,1.77,1.77,1.77,1.78,1.78,1.78,1.78,1.78,1.78,1.78,1.79,1.79,1.79,1.79,1.79,1.79,1.79,1.79,1.79,1.79,1.79,1.8,1.8,1.8,1.8,1.8,1.8,1.8,1.8,1.8,1.8,1.8
Seychelles,2.15,2.16,2.18,2.2,2.22,2.25,2.27,2.29,2.32,2.34,2.36,2.37,2.37,2.37,2.35,2.33,2.31,2.28,2.25,2.23,2.2,2.18,2.16,2.14,2.12,2.11,2.09,2.07,2.06,2.04,2.03,2.01,2,1.99,1.98,1.97,1.96,1.95,1.94,1.93,1.92,1.91,1.91,1.9,1.9,1.89,1.88,1.88,1.88,1.87,1.87,1.86,1.86,1.86,1.85,1.85,1.85,1.85,1.84,1.84,1.84,1.84,1.84,1.84,1.84,1.84,1.83,1.83,1.83,1.83,1.83,1.83,1.83,1.83,1.83,1.83,1.83,1.83,1.83,1.83,1.83,1.83,1.83,1.83,1.83,1.83,1.83,1.83,1.83,1.83,1.83,1.83,1.83,1.83,1.83,1.83,1.83,1.83,1.83,1.83,1.83
Sierra Leone,6.32,6.24,6.16,6.07,5.97,5.86,5.75,5.62,5.49,5.35,5.2,5.06,4.92,4.79,4.67,4.56,4.46,4.36,4.26,4.17,4.08,3.99,3.9,3.82,3.73,3.65,3.58,3.5,3.43,3.36,3.3,3.24,3.18,3.12,3.07,3.01,2.96,2.92,2.87,2.83,2.79,2.75,2.71,2.68,2.64,2.61,2.58,2.55,2.52,2.49,2.46,2.44,2.41,2.39,2.36,2.34,2.31,2.29,2.27,2.25,2.23,2.21,2.19,2.17,2.16,2.14,2.12,2.11,2.09,2.08,2.06,2.05,2.04,2.02,2.01,2,1.99,1.98,1.97,1.96,1.95,1.94,1.93,1.92,1.92,1.91,1.9,1.9,1.89,1.88,1.88,1.87,1.87,1.86,1.86,1.85,1.85,1.85,1.84,1.84,1.84
Singapore,1.6,1.41,1.37,1.27,1.26,1.26,1.28,1.29,1.28,1.26,1.26,1.26,1.26,1.25,1.25,1.24,1.25,1.25,1.26,1.27,1.27,1.28,1.28,1.29,1.29,1.29,1.3,1.3,1.31,1.31,1.31,1.32,1.32,1.33,1.33,1.33,1.34,1.34,1.34,1.34,1.35,1.35,1.35,1.36,1.36,1.36,1.36,1.37,1.37,1.37,1.37,1.38,1.38,1.38,1.38,1.39,1.39,1.39,1.39,1.4,1.4,1.4,1.4,1.4,1.4,1.41,1.41,1.41,1.41,1.41,1.41,1.42,1.42,1.42,1.42,1.42,1.43,1.43,1.43,1.43,1.43,1.43,1.43,1.43,1.44,1.44,1.44,1.44,1.44,1.44,1.44,1.44,1.44,1.45,1.45,1.45,1.45,1.45,1.45,1.45,1.45
Slovak Republic,1.27,1.24,1.23,1.22,1.23,1.25,1.27,1.29,1.32,1.34,1.36,1.37,1.38,1.4,1.41,1.43,1.44,1.46,1.47,1.48,1.49,1.51,1.52,1.53,1.54,1.55,1.56,1.57,1.57,1.58,1.59,1.6,1.61,1.61,1.62,1.63,1.63,1.64,1.65,1.65,1.66,1.66,1.67,1.67,1.68,1.68,1.69,1.69,1.7,1.7,1.7,1.71,1.71,1.71,1.72,1.72,1.72,1.73,1.73,1.73,1.73,1.74,1.74,1.74,1.74,1.75,1.75,1.75,1.75,1.75,1.76,1.76,1.76,1.76,1.76,1.77,1.77,1.77,1.77,1.77,1.77,1.78,1.78,1.78,1.78,1.78,1.78,1.78,1.78,1.78,1.78,1.78,1.79,1.79,1.79,1.79,1.79,1.79,1.79,1.79,1.79
Slovenia,1.21,1.21,1.22,1.24,1.27,1.31,1.36,1.4,1.44,1.48,1.52,1.54,1.57,1.58,1.6,1.61,1.63,1.64,1.65,1.65,1.66,1.67,1.68,1.69,1.7,1.7,1.71,1.72,1.72,1.73,1.74,1.74,1.75,1.75,1.76,1.76,1.76,1.77,1.77,1.78,1.78,1.78,1.79,1.79,1.79,1.8,1.8,1.8,1.8,1.81,1.81,1.81,1.81,1.81,1.82,1.82,1.82,1.82,1.82,1.82,1.82,1.83,1.83,1.83,1.83,1.83,1.83,1.83,1.84,1.84,1.84,1.84,1.84,1.84,1.84,1.84,1.84,1.84,1.84,1.84,1.84,1.84,1.84,1.85,1.85,1.85,1.85,1.85,1.85,1.85,1.85,1.85,1.85,1.85,1.85,1.85,1.85,1.85,1.85,1.85,1.85
Solomon Islands,4.72,4.67,4.62,4.58,4.54,4.5,4.46,4.41,4.36,4.3,4.24,4.17,4.1,4.03,3.97,3.91,3.85,3.8,3.74,3.69,3.64,3.59,3.54,3.49,3.45,3.41,3.36,3.32,3.28,3.25,3.21,3.17,3.14,3.1,3.07,3.04,3,2.97,2.94,2.92,2.89,2.86,2.83,2.81,2.78,2.75,2.73,2.7,2.68,2.66,2.63,2.61,2.59,2.57,2.55,2.52,2.5,2.48,2.46,2.44,2.42,2.41,2.39,2.37,2.35,2.33,2.31,2.3,2.28,2.26,2.25,2.23,2.22,2.2,2.18,2.17,2.16,2.14,2.13,2.11,2.1,2.09,2.08,2.06,2.05,2.04,2.03,2.02,2.01,2,1.99,1.98,1.97,1.97,1.96,1.95,1.94,1.94,1.93,1.92,1.92
Somalia,7.62,7.57,7.51,7.45,7.38,7.31,7.23,7.14,7.06,6.96,6.87,6.77,6.67,6.56,6.46,6.37,6.27,6.17,6.08,5.98,5.89,5.8,5.71,5.62,5.53,5.44,5.35,5.27,5.19,5.1,5.02,4.94,4.86,4.79,4.71,4.63,4.56,4.49,4.42,4.35,4.28,4.21,4.15,4.09,4.03,3.97,3.91,3.86,3.8,3.75,3.7,3.64,3.6,3.55,3.5,3.46,3.41,3.37,3.33,3.29,3.25,3.21,3.17,3.14,3.1,3.07,3.04,3,2.97,2.94,2.91,2.88,2.85,2.83,2.8,2.77,2.75,2.72,2.7,2.68,2.65,2.63,2.61,2.59,2.56,2.54,2.52,2.5,2.48,2.46,2.44,2.42,2.4,2.38,2.37,2.35,2.33,2.31,2.3,2.28,2.28
South Africa,2.83,2.79,2.76,2.73,2.7,2.68,2.66,2.64,2.62,2.6,2.59,2.57,2.55,2.53,2.51,2.49,2.46,2.43,2.4,2.38,2.35,2.33,2.31,2.29,2.26,2.24,2.22,2.21,2.19,2.17,2.15,2.13,2.12,2.1,2.09,2.07,2.06,2.04,2.03,2.02,2.01,1.99,1.98,1.97,1.96,1.95,1.94,1.93,1.92,1.91,1.91,1.9,1.89,1.88,1.88,1.87,1.87,1.86,1.86,1.85,1.85,1.84,1.84,1.84,1.83,1.83,1.83,1.83,1.82,1.82,1.82,1.82,1.81,1.81,1.81,1.81,1.81,1.81,1.81,1.81,1.8,1.8,1.8,1.8,1.8,1.8,1.8,1.8,1.8,1.8,1.8,1.8,1.8,1.8,1.8,1.8,1.8,1.8,1.8,1.8,1.8
South Korea,1.35,1.29,1.25,1.21,1.18,1.17,1.16,1.16,1.17,1.18,1.19,1.21,1.22,1.24,1.26,1.28,1.3,1.31,1.33,1.35,1.36,1.38,1.39,1.41,1.42,1.43,1.45,1.46,1.47,1.48,1.49,1.5,1.52,1.53,1.53,1.54,1.55,1.56,1.57,1.58,1.59,1.59,1.6,1.61,1.61,1.62,1.63,1.63,1.64,1.64,1.65,1.66,1.66,1.67,1.67,1.68,1.68,1.68,1.69,1.69,1.7,1.7,1.7,1.71,1.71,1.71,1.72,1.72,1.72,1.73,1.73,1.73,1.73,1.74,1.74,1.74,1.74,1.75,1.75,1.75,1.75,1.75,1.76,1.76,1.76,1.76,1.76,1.76,1.77,1.77,1.77,1.77,1.77,1.77,1.78,1.78,1.78,1.78,1.78,1.78,1.78
South Sudan,6.22,6.14,6.05,5.97,5.89,5.8,5.72,5.64,5.55,5.47,5.38,5.29,5.2,5.11,5.02,4.94,4.86,4.77,4.7,4.62,4.54,4.47,4.39,4.32,4.25,4.18,4.11,4.04,3.98,3.91,3.85,3.79,3.73,3.68,3.62,3.57,3.52,3.47,3.42,3.37,3.32,3.28,3.24,3.19,3.15,3.11,3.08,3.04,3,2.97,2.94,2.9,2.87,2.84,2.81,2.78,2.76,2.73,2.7,2.68,2.65,2.63,2.61,2.58,2.56,2.54,2.52,2.5,2.48,2.46,2.44,2.42,2.4,2.38,2.36,2.35,2.33,2.31,2.3,2.28,2.26,2.25,2.23,2.22,2.2,2.19,2.17,2.16,2.15,2.13,2.12,2.11,2.1,2.08,2.07,2.06,2.05,2.04,2.03,2.02,2.02
Spain,1.23,1.25,1.28,1.3,1.33,1.35,1.37,1.38,1.38,1.38,1.37,1.35,1.35,1.34,1.34,1.35,1.36,1.38,1.39,1.41,1.42,1.43,1.44,1.45,1.46,1.46,1.47,1.48,1.49,1.5,1.5,1.51,1.52,1.53,1.53,1.54,1.55,1.55,1.56,1.56,1.57,1.57,1.58,1.58,1.59,1.59,1.6,1.6,1.61,1.61,1.62,1.62,1.63,1.63,1.63,1.64,1.64,1.64,1.65,1.65,1.65,1.66,1.66,1.66,1.66,1.67,1.67,1.67,1.67,1.68,1.68,1.68,1.68,1.69,1.69,1.69,1.69,1.69,1.7,1.7,1.7,1.7,1.7,1.7,1.7,1.71,1.71,1.71,1.71,1.71,1.71,1.72,1.72,1.72,1.72,1.72,1.72,1.72,1.73,1.73,1.73
Sri Lanka,2.24,2.25,2.26,2.27,2.28,2.28,2.28,2.27,2.26,2.23,2.2,2.17,2.14,2.11,2.08,2.06,2.05,2.03,2.02,2.01,1.99,1.98,1.97,1.96,1.94,1.93,1.92,1.91,1.9,1.89,1.88,1.87,1.87,1.86,1.85,1.85,1.84,1.83,1.83,1.82,1.82,1.82,1.81,1.81,1.8,1.8,1.8,1.8,1.79,1.79,1.79,1.79,1.79,1.79,1.79,1.79,1.79,1.79,1.79,1.78,1.78,1.78,1.78,1.78,1.78,1.78,1.79,1.79,1.79,1.79,1.79,1.79,1.79,1.79,1.79,1.79,1.79,1.79,1.79,1.79,1.79,1.79,1.79,1.79,1.79,1.79,1.79,1.8,1.8,1.8,1.8,1.8,1.8,1.8,1.8,1.8,1.8,1.8,1.8,1.81,1.81
St. Lucia,2.2,2.06,1.93,1.83,1.74,1.68,1.63,1.6,1.57,1.56,1.54,1.52,1.51,1.5,1.48,1.47,1.46,1.45,1.44,1.43,1.42,1.42,1.41,1.41,1.41,1.41,1.41,1.42,1.42,1.43,1.43,1.44,1.45,1.45,1.46,1.47,1.47,1.48,1.49,1.5,1.51,1.51,1.52,1.53,1.54,1.54,1.55,1.56,1.57,1.57,1.58,1.59,1.59,1.6,1.61,1.61,1.62,1.63,1.63,1.64,1.64,1.65,1.65,1.66,1.66,1.67,1.67,1.68,1.68,1.68,1.69,1.69,1.7,1.7,1.7,1.71,1.71,1.71,1.72,1.72,1.72,1.73,1.73,1.73,1.73,1.74,1.74,1.74,1.74,1.75,1.75,1.75,1.75,1.75,1.76,1.76,1.76,1.76,1.76,1.77,1.77
St. Vincent and the Grenadines,2.38,2.32,2.27,2.23,2.2,2.17,2.15,2.13,2.11,2.09,2.07,2.05,2.02,2,1.98,1.95,1.93,1.91,1.89,1.87,1.85,1.84,1.82,1.8,1.79,1.78,1.77,1.76,1.75,1.74,1.73,1.72,1.71,1.71,1.7,1.7,1.7,1.69,1.69,1.69,1.69,1.69,1.68,1.68,1.68,1.69,1.69,1.69,1.69,1.69,1.69,1.69,1.69,1.7,1.7,1.7,1.7,1.7,1.71,1.71,1.71,1.71,1.71,1.72,1.72,1.72,1.72,1.72,1.73,1.73,1.73,1.73,1.74,1.74,1.74,1.74,1.74,1.75,1.75,1.75,1.75,1.75,1.75,1.76,1.76,1.76,1.76,1.76,1.77,1.77,1.77,1.77,1.77,1.77,1.78,1.78,1.78,1.78,1.78,1.78,1.78
Sudan,5.47,5.4,5.33,5.27,5.2,5.14,5.09,5.03,4.98,4.93,4.88,4.83,4.77,4.72,4.66,4.6,4.53,4.47,4.41,4.35,4.29,4.23,4.17,4.12,4.06,4.01,3.96,3.91,3.86,3.81,3.77,3.72,3.68,3.63,3.59,3.55,3.51,3.47,3.43,3.39,3.35,3.32,3.28,3.25,3.22,3.19,3.16,3.13,3.1,3.07,3.04,3.01,2.98,2.96,2.93,2.91,2.88,2.86,2.83,2.81,2.79,2.77,2.75,2.73,2.7,2.68,2.66,2.64,2.62,2.61,2.59,2.57,2.55,2.53,2.51,2.5,2.48,2.46,2.45,2.43,2.41,2.4,2.38,2.37,2.35,2.34,2.33,2.31,2.3,2.28,2.27,2.25,2.24,2.22,2.21,2.2,2.18,2.17,2.16,2.15,2.15
Suriname,2.86,2.82,2.78,2.75,2.71,2.67,2.64,2.61,2.58,2.55,2.52,2.5,2.47,2.45,2.42,2.4,2.37,2.35,2.32,2.3,2.28,2.26,2.24,2.21,2.19,2.18,2.16,2.14,2.12,2.1,2.09,2.07,2.05,2.04,2.02,2.01,2,1.98,1.97,1.96,1.95,1.94,1.93,1.92,1.91,1.9,1.89,1.88,1.88,1.87,1.86,1.86,1.85,1.85,1.84,1.84,1.83,1.83,1.83,1.82,1.82,1.82,1.82,1.81,1.81,1.81,1.81,1.81,1.81,1.8,1.8,1.8,1.8,1.8,1.8,1.8,1.8,1.8,1.8,1.8,1.8,1.8,1.8,1.8,1.8,1.8,1.8,1.8,1.8,1.8,1.8,1.8,1.8,1.8,1.8,1.8,1.8,1.8,1.8,1.8,1.8
Sweden,1.56,1.58,1.67,1.73,1.77,1.79,1.87,1.89,1.92,1.94,1.99,1.9,1.91,1.92,1.92,1.91,1.91,1.91,1.91,1.91,1.91,1.91,1.91,1.91,1.92,1.92,1.92,1.92,1.92,1.92,1.92,1.92,1.92,1.92,1.92,1.92,1.92,1.92,1.92,1.92,1.92,1.92,1.92,1.92,1.93,1.93,1.93,1.93,1.93,1.93,1.93,1.93,1.93,1.93,1.93,1.93,1.93,1.93,1.93,1.93,1.93,1.93,1.93,1.93,1.93,1.93,1.93,1.93,1.93,1.93,1.93,1.93,1.93,1.93,1.93,1.93,1.93,1.93,1.93,1.93,1.93,1.93,1.93,1.93,1.93,1.93,1.93,1.93,1.93,1.93,1.93,1.93,1.93,1.93,1.93,1.93,1.93,1.93,1.93,1.93,1.93
Switzerland,1.44,1.43,1.42,1.42,1.42,1.43,1.44,1.46,1.47,1.49,1.5,1.51,1.52,1.53,1.54,1.54,1.55,1.55,1.55,1.56,1.56,1.56,1.57,1.57,1.58,1.58,1.58,1.59,1.59,1.59,1.6,1.6,1.6,1.6,1.61,1.61,1.61,1.62,1.62,1.62,1.62,1.63,1.63,1.63,1.63,1.63,1.64,1.64,1.64,1.64,1.64,1.65,1.65,1.65,1.65,1.65,1.66,1.66,1.66,1.66,1.66,1.66,1.67,1.67,1.67,1.67,1.67,1.67,1.68,1.68,1.68,1.68,1.68,1.68,1.68,1.68,1.69,1.69,1.69,1.69,1.69,1.69,1.69,1.69,1.69,1.69,1.69,1.7,1.7,1.7,1.7,1.7,1.7,1.7,1.7,1.7,1.7,1.7,1.7,1.7,1.7
Syria,4.04,3.94,3.84,3.74,3.65,3.56,3.47,3.39,3.33,3.26,3.21,3.16,3.11,3.07,3.02,2.97,2.92,2.87,2.82,2.77,2.73,2.69,2.65,2.61,2.57,2.54,2.5,2.47,2.44,2.4,2.37,2.34,2.32,2.29,2.26,2.23,2.21,2.18,2.16,2.14,2.12,2.09,2.07,2.05,2.03,2.02,2,1.98,1.96,1.95,1.93,1.92,1.91,1.89,1.88,1.87,1.86,1.85,1.84,1.83,1.83,1.82,1.81,1.81,1.8,1.79,1.79,1.79,1.78,1.78,1.77,1.77,1.77,1.77,1.77,1.76,1.76,1.76,1.76,1.76,1.76,1.76,1.76,1.76,1.76,1.76,1.76,1.76,1.76,1.76,1.76,1.76,1.76,1.76,1.76,1.76,1.76,1.77,1.77,1.77,1.77
Tajikistan,3.91,3.78,3.68,3.59,3.53,3.5,3.49,3.49,3.49,3.5,3.51,3.5,3.49,3.47,3.44,3.4,3.36,3.31,3.27,3.22,3.18,3.14,3.11,3.07,3.04,3.01,2.97,2.94,2.91,2.88,2.85,2.83,2.8,2.77,2.75,2.72,2.69,2.67,2.65,2.62,2.6,2.58,2.56,2.54,2.52,2.5,2.48,2.46,2.44,2.42,2.4,2.38,2.36,2.34,2.32,2.3,2.29,2.27,2.25,2.24,2.22,2.21,2.19,2.18,2.16,2.15,2.13,2.12,2.11,2.09,2.08,2.07,2.06,2.05,2.03,2.02,2.01,2,1.99,1.98,1.97,1.97,1.96,1.95,1.94,1.94,1.93,1.92,1.92,1.91,1.91,1.9,1.9,1.89,1.89,1.88,1.88,1.87,1.87,1.87,1.87
Tanzania,5.69,5.68,5.67,5.66,5.65,5.64,5.62,5.58,5.54,5.49,5.43,5.36,5.29,5.22,5.15,5.08,5.02,4.95,4.89,4.83,4.77,4.71,4.65,4.59,4.54,4.48,4.43,4.37,4.32,4.26,4.21,4.16,4.11,4.06,4.01,3.96,3.91,3.86,3.82,3.77,3.73,3.69,3.65,3.61,3.57,3.53,3.49,3.45,3.42,3.38,3.35,3.32,3.28,3.25,3.22,3.19,3.16,3.13,3.1,3.08,3.05,3.02,3,2.97,2.95,2.92,2.9,2.88,2.85,2.83,2.81,2.79,2.77,2.75,2.73,2.71,2.69,2.67,2.65,2.63,2.61,2.6,2.58,2.56,2.55,2.53,2.51,2.5,2.48,2.47,2.45,2.44,2.42,2.41,2.39,2.38,2.36,2.35,2.33,2.32,2.32
Thailand,1.67,1.64,1.62,1.6,1.58,1.57,1.56,1.56,1.55,1.55,1.55,1.54,1.53,1.52,1.51,1.5,1.48,1.47,1.45,1.44,1.43,1.42,1.42,1.42,1.42,1.42,1.42,1.43,1.44,1.44,1.45,1.46,1.47,1.48,1.49,1.49,1.5,1.51,1.52,1.53,1.54,1.54,1.55,1.56,1.56,1.57,1.58,1.59,1.59,1.6,1.61,1.61,1.62,1.62,1.63,1.63,1.64,1.65,1.65,1.66,1.66,1.66,1.67,1.67,1.68,1.68,1.69,1.69,1.7,1.7,1.7,1.71,1.71,1.71,1.72,1.72,1.72,1.73,1.73,1.73,1.73,1.74,1.74,1.74,1.74,1.75,1.75,1.75,1.75,1.76,1.76,1.76,1.76,1.76,1.76,1.77,1.77,1.77,1.77,1.77,1.77
Timor-Leste,7.11,7.09,7.04,6.97,6.88,6.79,6.69,6.59,6.48,6.36,6.23,6.11,5.98,5.86,5.74,5.62,5.5,5.39,5.28,5.17,5.06,4.96,4.86,4.76,4.66,4.56,4.47,4.38,4.29,4.2,4.12,4.04,3.96,3.88,3.81,3.74,3.67,3.6,3.54,3.48,3.42,3.36,3.31,3.26,3.21,3.16,3.11,3.06,3.02,2.98,2.94,2.9,2.86,2.83,2.79,2.76,2.72,2.69,2.66,2.63,2.6,2.58,2.55,2.53,2.5,2.47,2.45,2.43,2.4,2.38,2.36,2.34,2.31,2.29,2.27,2.26,2.24,2.22,2.2,2.18,2.17,2.15,2.13,2.12,2.1,2.09,2.07,2.06,2.05,2.04,2.03,2.01,2,1.99,1.98,1.97,1.96,1.96,1.95,1.94,1.94
Togo,5.41,5.36,5.32,5.28,5.23,5.18,5.12,5.06,5,4.94,4.87,4.8,4.73,4.66,4.59,4.52,4.45,4.38,4.32,4.26,4.2,4.14,4.08,4.02,3.97,3.91,3.86,3.81,3.76,3.71,3.66,3.62,3.57,3.53,3.49,3.44,3.41,3.37,3.33,3.3,3.26,3.23,3.19,3.16,3.13,3.1,3.07,3.04,3.01,2.98,2.95,2.93,2.9,2.87,2.85,2.82,2.8,2.77,2.75,2.73,2.7,2.68,2.66,2.64,2.62,2.6,2.58,2.56,2.54,2.52,2.5,2.48,2.46,2.45,2.43,2.41,2.39,2.38,2.36,2.34,2.33,2.31,2.3,2.28,2.27,2.25,2.23,2.22,2.2,2.19,2.18,2.16,2.15,2.14,2.12,2.11,2.1,2.09,2.08,2.07,2.07
Tonga,4.25,4.24,4.22,4.2,4.18,4.14,4.1,4.06,4.01,3.96,3.91,3.86,3.82,3.77,3.72,3.68,3.64,3.6,3.56,3.52,3.48,3.44,3.41,3.37,3.34,3.3,3.27,3.24,3.21,3.18,3.15,3.12,3.09,3.06,3.03,3.01,2.98,2.96,2.93,2.91,2.88,2.86,2.84,2.82,2.79,2.77,2.75,2.73,2.71,2.69,2.67,2.65,2.63,2.61,2.59,2.57,2.56,2.54,2.52,2.5,2.49,2.47,2.45,2.44,2.42,2.4,2.39,2.37,2.35,2.34,2.32,2.31,2.29,2.28,2.26,2.25,2.24,2.22,2.21,2.2,2.18,2.17,2.16,2.15,2.13,2.12,2.11,2.1,2.09,2.08,2.07,2.06,2.05,2.04,2.03,2.02,2.01,2.01,2,1.99,1.99
Trinidad and Tobago,1.75,1.74,1.74,1.75,1.76,1.77,1.78,1.79,1.8,1.8,1.81,1.8,1.8,1.79,1.78,1.77,1.75,1.74,1.73,1.72,1.71,1.7,1.69,1.69,1.68,1.68,1.68,1.68,1.68,1.68,1.67,1.67,1.67,1.68,1.68,1.68,1.68,1.68,1.68,1.68,1.68,1.69,1.69,1.69,1.69,1.69,1.7,1.7,1.7,1.7,1.71,1.71,1.71,1.71,1.72,1.72,1.72,1.72,1.73,1.73,1.73,1.73,1.73,1.74,1.74,1.74,1.74,1.74,1.75,1.75,1.75,1.75,1.75,1.76,1.76,1.76,1.76,1.76,1.76,1.77,1.77,1.77,1.77,1.77,1.77,1.77,1.78,1.78,1.78,1.78,1.78,1.78,1.78,1.79,1.79,1.79,1.79,1.79,1.79,1.79,1.79
Tunisia,2.14,2.09,2.05,2.02,2,1.99,2,2.02,2.06,2.1,2.14,2.18,2.21,2.23,2.23,2.22,2.2,2.18,2.15,2.12,2.1,2.09,2.07,2.05,2.04,2.03,2.01,2,1.99,1.98,1.97,1.96,1.95,1.94,1.93,1.92,1.92,1.91,1.9,1.9,1.89,1.89,1.88,1.88,1.88,1.87,1.87,1.87,1.86,1.86,1.86,1.85,1.85,1.85,1.85,1.85,1.84,1.84,1.84,1.84,1.84,1.84,1.84,1.84,1.84,1.84,1.84,1.84,1.84,1.84,1.84,1.84,1.84,1.83,1.83,1.83,1.83,1.83,1.83,1.83,1.83,1.83,1.83,1.83,1.83,1.83,1.83,1.83,1.83,1.83,1.83,1.83,1.83,1.83,1.83,1.84,1.84,1.84,1.84,1.84,1.84
Turkey,2.5,2.45,2.4,2.35,2.31,2.27,2.24,2.21,2.19,2.17,2.16,2.14,2.12,2.11,2.09,2.07,2.05,2.03,2.02,2,1.98,1.97,1.95,1.94,1.92,1.91,1.89,1.88,1.87,1.86,1.85,1.84,1.83,1.82,1.81,1.81,1.8,1.79,1.79,1.78,1.78,1.77,1.77,1.77,1.76,1.76,1.76,1.75,1.75,1.75,1.75,1.74,1.74,1.74,1.74,1.74,1.74,1.74,1.74,1.74,1.74,1.74,1.74,1.74,1.74,1.74,1.74,1.74,1.75,1.75,1.75,1.75,1.75,1.75,1.75,1.75,1.76,1.76,1.76,1.76,1.76,1.76,1.76,1.76,1.77,1.77,1.77,1.77,1.77,1.77,1.77,1.77,1.77,1.78,1.78,1.78,1.78,1.78,1.78,1.78,1.78
Turkmenistan,2.82,2.77,2.73,2.7,2.67,2.65,2.65,2.67,2.71,2.77,2.83,2.89,2.94,2.96,2.96,2.93,2.89,2.84,2.79,2.74,2.7,2.66,2.63,2.6,2.57,2.54,2.51,2.48,2.46,2.43,2.41,2.39,2.36,2.34,2.32,2.3,2.28,2.26,2.24,2.23,2.21,2.19,2.17,2.16,2.14,2.13,2.11,2.1,2.08,2.07,2.06,2.05,2.03,2.02,2.01,2,1.99,1.98,1.97,1.97,1.96,1.95,1.94,1.93,1.93,1.92,1.91,1.91,1.9,1.9,1.89,1.89,1.88,1.88,1.88,1.87,1.87,1.87,1.86,1.86,1.86,1.85,1.85,1.85,1.85,1.85,1.84,1.84,1.84,1.84,1.84,1.84,1.83,1.83,1.83,1.83,1.83,1.83,1.83,1.83,1.83
Uganda,6.87,6.82,6.77,6.72,6.65,6.58,6.51,6.42,6.34,6.25,6.15,6.06,5.96,5.87,5.78,5.68,5.59,5.5,5.41,5.32,5.24,5.15,5.06,4.98,4.9,4.81,4.73,4.65,4.58,4.5,4.42,4.35,4.28,4.21,4.14,4.07,4,3.94,3.87,3.81,3.75,3.69,3.64,3.58,3.53,3.48,3.43,3.38,3.33,3.29,3.24,3.2,3.16,3.12,3.08,3.04,3.01,2.97,2.94,2.9,2.87,2.84,2.81,2.78,2.75,2.73,2.7,2.67,2.65,2.63,2.6,2.58,2.56,2.53,2.51,2.49,2.47,2.45,2.43,2.41,2.39,2.37,2.35,2.34,2.32,2.3,2.28,2.27,2.25,2.24,2.22,2.21,2.19,2.18,2.16,2.15,2.13,2.12,2.11,2.09,2.09
Ukraine,1.15,1.14,1.15,1.17,1.2,1.25,1.3,1.34,1.38,1.42,1.45,1.47,1.49,1.5,1.51,1.53,1.54,1.55,1.56,1.58,1.59,1.6,1.61,1.62,1.62,1.63,1.64,1.65,1.66,1.66,1.67,1.68,1.68,1.69,1.7,1.7,1.71,1.71,1.72,1.72,1.73,1.73,1.74,1.74,1.74,1.75,1.75,1.75,1.76,1.76,1.76,1.77,1.77,1.77,1.77,1.78,1.78,1.78,1.78,1.78,1.79,1.79,1.79,1.79,1.79,1.79,1.8,1.8,1.8,1.8,1.8,1.8,1.8,1.81,1.81,1.81,1.81,1.81,1.81,1.81,1.81,1.81,1.81,1.82,1.82,1.82,1.82,1.82,1.82,1.82,1.82,1.82,1.82,1.82,1.82,1.82,1.82,1.82,1.83,1.83,1.83
United Arab Emirates,2.64,2.53,2.43,2.33,2.24,2.15,2.07,2.01,1.95,1.9,1.87,1.84,1.82,1.8,1.78,1.77,1.75,1.73,1.72,1.7,1.69,1.67,1.66,1.65,1.64,1.63,1.62,1.61,1.61,1.6,1.6,1.6,1.6,1.59,1.59,1.59,1.59,1.6,1.6,1.6,1.6,1.6,1.61,1.61,1.61,1.62,1.62,1.62,1.63,1.63,1.64,1.64,1.64,1.65,1.65,1.66,1.66,1.66,1.67,1.67,1.68,1.68,1.68,1.69,1.69,1.69,1.7,1.7,1.7,1.71,1.71,1.71,1.72,1.72,1.72,1.72,1.73,1.73,1.73,1.73,1.74,1.74,1.74,1.74,1.75,1.75,1.75,1.75,1.75,1.76,1.76,1.76,1.76,1.76,1.77,1.77,1.77,1.77,1.77,1.77,1.77
United Kingdom,1.68,1.67,1.67,1.69,1.72,1.76,1.8,1.84,1.86,1.88,1.89,1.89,1.89,1.88,1.88,1.88,1.87,1.87,1.87,1.87,1.87,1.87,1.87,1.87,1.87,1.86,1.86,1.86,1.86,1.86,1.86,1.86,1.86,1.86,1.86,1.86,1.86,1.86,1.86,1.86,1.86,1.86,1.86,1.86,1.86,1.86,1.86,1.86,1.86,1.86,1.86,1.86,1.86,1.86,1.86,1.86,1.86,1.86,1.86,1.86,1.86,1.86,1.86,1.86,1.86,1.86,1.86,1.86,1.86,1.86,1.86,1.86,1.86,1.86,1.86,1.86,1.86,1.86,1.86,1.86,1.86,1.86,1.86,1.86,1.86,1.86,1.86,1.86,1.86,1.86,1.86,1.86,1.86,1.86,1.86,1.86,1.86,1.86,1.86,1.86,1.86
United States,2.05,2.03,2.02,2.05,2.06,2.06,2.11,2.12,2.07,2,1.93,1.9,1.9,1.96,1.95,1.93,1.92,1.91,1.9,1.9,1.89,1.89,1.89,1.89,1.9,1.9,1.9,1.9,1.9,1.9,1.9,1.9,1.9,1.9,1.9,1.91,1.91,1.91,1.91,1.91,1.91,1.91,1.91,1.91,1.91,1.91,1.91,1.91,1.91,1.91,1.91,1.91,1.91,1.91,1.92,1.92,1.92,1.92,1.92,1.92,1.92,1.92,1.92,1.92,1.92,1.92,1.92,1.92,1.92,1.92,1.92,1.92,1.92,1.92,1.92,1.92,1.92,1.92,1.92,1.92,1.92,1.92,1.92,1.92,1.92,1.92,1.92,1.92,1.92,1.92,1.92,1.92,1.92,1.92,1.92,1.92,1.92,1.92,1.92,1.92,1.92
Uruguay,2.24,2.22,2.21,2.19,2.17,2.16,2.14,2.13,2.11,2.09,2.08,2.06,2.05,2.03,2.02,2.01,2,1.98,1.97,1.96,1.95,1.95,1.94,1.93,1.92,1.92,1.91,1.9,1.89,1.89,1.88,1.88,1.87,1.86,1.86,1.85,1.85,1.85,1.84,1.84,1.83,1.83,1.83,1.83,1.82,1.82,1.82,1.82,1.81,1.81,1.81,1.81,1.81,1.81,1.8,1.8,1.8,1.8,1.8,1.8,1.8,1.8,1.8,1.8,1.8,1.8,1.8,1.8,1.8,1.8,1.8,1.8,1.8,1.8,1.8,1.8,1.8,1.8,1.8,1.8,1.8,1.81,1.81,1.81,1.81,1.81,1.81,1.81,1.81,1.81,1.81,1.81,1.81,1.81,1.81,1.81,1.81,1.81,1.81,1.81,1.81
Uzbekistan,2.74,2.64,2.56,2.51,2.48,2.46,2.46,2.46,2.46,2.46,2.44,2.42,2.4,2.37,2.34,2.31,2.29,2.26,2.23,2.21,2.18,2.16,2.14,2.12,2.1,2.08,2.06,2.05,2.03,2.02,2,1.99,1.97,1.96,1.95,1.93,1.92,1.91,1.9,1.89,1.88,1.87,1.86,1.86,1.85,1.84,1.84,1.83,1.82,1.82,1.81,1.81,1.81,1.8,1.8,1.8,1.79,1.79,1.79,1.79,1.79,1.78,1.78,1.78,1.78,1.78,1.78,1.78,1.78,1.78,1.78,1.77,1.77,1.77,1.78,1.78,1.78,1.78,1.78,1.78,1.78,1.78,1.78,1.78,1.78,1.78,1.78,1.78,1.78,1.78,1.78,1.78,1.79,1.79,1.79,1.79,1.79,1.79,1.79,1.79,1.79
Vanuatu,4.37,4.27,4.16,4.06,3.95,3.85,3.76,3.68,3.61,3.55,3.5,3.46,3.42,3.38,3.35,3.31,3.28,3.24,3.2,3.17,3.14,3.1,3.07,3.04,3.01,2.98,2.95,2.92,2.89,2.87,2.84,2.82,2.79,2.77,2.74,2.72,2.7,2.68,2.65,2.63,2.61,2.59,2.57,2.55,2.53,2.51,2.5,2.48,2.46,2.44,2.42,2.41,2.39,2.37,2.36,2.34,2.33,2.31,2.29,2.28,2.26,2.25,2.24,2.22,2.21,2.19,2.18,2.17,2.15,2.14,2.13,2.12,2.1,2.09,2.08,2.07,2.06,2.05,2.04,2.03,2.02,2.01,2,1.99,1.98,1.98,1.97,1.96,1.95,1.95,1.94,1.93,1.93,1.92,1.92,1.91,1.91,1.9,1.9,1.89,1.89
Venezuela,2.82,2.78,2.74,2.7,2.66,2.63,2.6,2.56,2.53,2.5,2.47,2.44,2.42,2.39,2.37,2.34,2.32,2.29,2.27,2.25,2.23,2.21,2.18,2.16,2.14,2.13,2.11,2.09,2.07,2.06,2.04,2.02,2.01,1.99,1.98,1.96,1.95,1.94,1.93,1.92,1.91,1.9,1.89,1.88,1.87,1.86,1.86,1.85,1.84,1.84,1.83,1.82,1.82,1.82,1.81,1.81,1.8,1.8,1.8,1.8,1.79,1.79,1.79,1.79,1.79,1.79,1.78,1.78,1.78,1.78,1.78,1.78,1.78,1.78,1.78,1.78,1.78,1.78,1.78,1.78,1.78,1.78,1.78,1.78,1.78,1.78,1.78,1.78,1.78,1.78,1.78,1.78,1.78,1.78,1.79,1.79,1.79,1.79,1.79,1.79,1.79
Vietnam,2.01,1.95,1.92,1.9,1.89,1.89,1.9,1.91,1.92,1.94,1.95,1.95,1.96,1.96,1.96,1.96,1.95,1.95,1.95,1.94,1.94,1.94,1.93,1.93,1.93,1.93,1.93,1.92,1.92,1.92,1.92,1.92,1.92,1.92,1.91,1.91,1.91,1.91,1.91,1.91,1.91,1.91,1.91,1.91,1.91,1.9,1.9,1.9,1.9,1.9,1.9,1.9,1.9,1.9,1.9,1.9,1.9,1.9,1.9,1.9,1.9,1.9,1.9,1.9,1.9,1.9,1.9,1.9,1.9,1.9,1.9,1.9,1.9,1.9,1.89,1.89,1.89,1.89,1.89,1.89,1.89,1.89,1.89,1.89,1.89,1.89,1.89,1.89,1.89,1.89,1.89,1.89,1.89,1.89,1.89,1.89,1.89,1.89,1.89,1.89,1.89
Yemen,6.31,6.13,5.95,5.78,5.6,5.43,5.25,5.09,4.94,4.8,4.67,4.55,4.44,4.33,4.22,4.1,4,3.89,3.79,3.69,3.61,3.52,3.44,3.37,3.29,3.22,3.16,3.1,3.03,2.98,2.92,2.87,2.82,2.77,2.72,2.67,2.62,2.58,2.54,2.49,2.45,2.41,2.38,2.34,2.3,2.27,2.23,2.2,2.17,2.14,2.11,2.08,2.05,2.02,1.99,1.97,1.94,1.92,1.9,1.88,1.86,1.84,1.83,1.81,1.79,1.78,1.77,1.75,1.74,1.73,1.72,1.71,1.71,1.7,1.69,1.69,1.68,1.68,1.68,1.67,1.67,1.67,1.67,1.67,1.67,1.67,1.67,1.67,1.68,1.68,1.68,1.68,1.68,1.69,1.69,1.69,1.69,1.7,1.7,1.7,1.7
Zambia,6.04,6,5.96,5.92,5.86,5.79,5.72,5.64,5.56,5.48,5.4,5.32,5.24,5.17,5.1,5.04,4.98,4.93,4.87,4.81,4.76,4.71,4.65,4.6,4.55,4.5,4.44,4.4,4.35,4.3,4.25,4.21,4.16,4.12,4.07,4.03,3.99,3.95,3.91,3.87,3.83,3.79,3.75,3.71,3.68,3.64,3.61,3.58,3.54,3.51,3.48,3.45,3.42,3.39,3.36,3.33,3.31,3.28,3.25,3.22,3.2,3.17,3.15,3.12,3.1,3.08,3.06,3.03,3.01,2.99,2.97,2.95,2.93,2.91,2.89,2.87,2.85,2.83,2.81,2.79,2.77,2.76,2.74,2.72,2.7,2.69,2.67,2.65,2.64,2.62,2.6,2.59,2.57,2.56,2.54,2.53,2.51,2.5,2.48,2.46,2.46
Zimbabwe,4.06,4.02,4,3.99,3.98,3.99,3.99,4,4.01,4.02,4.03,4.02,4,3.96,3.9,3.84,3.76,3.68,3.61,3.53,3.47,3.4,3.35,3.29,3.24,3.19,3.14,3.1,3.05,3.01,2.97,2.93,2.89,2.85,2.82,2.78,2.75,2.71,2.68,2.65,2.62,2.59,2.56,2.53,2.5,2.47,2.45,2.42,2.4,2.37,2.35,2.33,2.3,2.28,2.26,2.24,2.22,2.2,2.18,2.16,2.14,2.12,2.11,2.09,2.07,2.06,2.05,2.03,2.02,2.01,2,1.98,1.97,1.96,1.95,1.94,1.93,1.93,1.92,1.91,1.9,1.9,1.89,1.89,1.88,1.88,1.87,1.87,1.86,1.86,1.85,1.85,1.85,1.85,1.84,1.84,1.84,1.83,1.83,1.83,1.83